Номер заказа,Выручка,Себестоимость товаров,Доставка,Комиссия МП,ПОЛНАЯ себестоимость,НДС,Чистая прибыль,Рентабельность %,Количество товаров,Себестоимость доступна
666802491,10.0,0.0,0,1.2,1.2,0.0,8.8,88.0,1,Да
663412169,10.0,0.0,0,1.2,1.2,0.0,8.8,88.0,1,Да
653479618,120000.0,50661.0,0,18431.0,69092.0,0.0,50908.0,42.42,1,Да
666974377,10.0,0.0,0,1.2,1.2,0.0,8.8,88.0,1,Да
661002421,79000.0,48400.0,0,9480.0,57880.0,0.0,21120.0,26.73,1,Да
664569341,10.0,0.0,0,1.2,1.2,0.0,8.8,88.0,1,Да
664262966,120000.0,50661.0,0,14400.0,65061.0,0.0,54939.0,45.78,1,Да
666803421,10.0,0.0,0,1.2,1.2,0.0,8.8,88.0,1,Да
663413116,10.0,0.0,0,1.2,1.2,0.0,8.8,88.0,1,Да
653617854,79000.0,48400.0,0,9480.0,57880.0,0.0,21120.0,26.73,1,Да
664569399,10.0,0.0,0,1.2,1.2,0.0,8.8,88.0,1,Да
663147234,81000.0,49551.0,0,11623.0,61174.0,0.0,19826.0,24.48,1,Да
666552214,69000.0,35580.0,0,8280.0,43860.0,0.0,25140.0,36.43,1,Да
664570098,10.0,0.0,0,1.2,1.2,0.0,8.8,88.0,1,Да
653626009,120000.0,50661.0,0,14400.0,65061.0,0.0,54939.0,45.78,1,Да
664570209,10.0,0.0,0,1.2,1.2,0.0,8.8,88.0,1,Да
653664755,120000.0,50661.0,0,14400.0,65061.0,0.0,54939.0,45.78,1,Да
666974703,10.0,0.0,0,1.2,1.2,0.0,8.8,88.0,1,Да
664570252,10.0,0.0,0,1.2,1.2,0.0,8.8,88.0,1,Да
674330541,120000.0,50661.0,0,14400.0,65061.0,0.0,54939.0,45.78,1,Да
673589542,75000.0,47000.0,0,13031.0,60031.0,0.0,14969.0,19.96,1,Да
668005984,10.0,0.0,0,1.2,1.2,0.0,8.8,88.0,1,Да
664571172,10.0,0.0,0,1.2,1.2,0.0,8.8,88.0,1,Да
668006974,110000.0,50661.0,0,13200.0,63861.0,0.0,46139.0,41.94,1,Да
653564869,120000.0,50661.0,0,14400.0,65061.0,0.0,54939.0,45.78,1,Да
674332723,89900.0,0.0,0,10788.0,10788.0,0.0,79112.0,88.0,1,Да
672641099,61500.0,23650.0,0,11411.0,35061.0,0.0,26439.0,42.99,1,Да
668014011,10.0,0.0,0,1.2,1.2,0.0,8.8,88.0,1,Да
667692750,110000.0,50661.0,0,13200.0,63861.0,0.0,46139.0,41.94,1,Да
653723684,79000.0,48500.0,0,9480.0,57980.0,0.0,21020.0,26.61,1,Да
667462374,35100.0,20519.0,0,5891.0,26410.0,0.0,8690.0,24.76,1,Да
666921850,10.0,0.0,0,1.2,1.2,0.0,8.8,88.0,1,Да
649265741,77000.0,47000.0,0,9240.0,56240.0,0.0,20760.0,26.96,1,Да
666974735,10.0,0.0,0,1.2,1.2,0.0,8.8,88.0,1,Да
653835010,55000.0,22467.0,0,6600.0,29067.0,0.0,25933.0,47.15,1,Да
666923536,10.0,0.0,0,1.2,1.2,0.0,8.8,88.0,1,Да
666781903,10.0,0.0,0,1.2,1.2,0.0,8.8,88.0,1,Да
653860149,81000.0,49551.0,0,11623.0,61174.0,0.0,19826.0,24.48,1,Да
666923554,10.0,0.0,0,1.2,1.2,0.0,8.8,88.0,1,Да
664572134,10.0,0.0,0,1.2,1.2,0.0,8.8,88.0,1,Да
666783714,10.0,0.0,0,1.2,1.2,0.0,8.8,88.0,1,Да
657802278,10.0,0.0,0,1.2,1.2,0.0,8.8,88.0,1,Да
666925334,10.0,0.0,0,1.2,1.2,0.0,8.8,88.0,1,Да
660951457,10.0,0.0,0,1.2,1.2,0.0,8.8,88.0,1,Да
653902935,120000.0,58602.0,0,14400.0,73002.0,0.0,46998.0,39.16,1,Да
666635689,115000.0,50661.0,0,13800.0,64461.0,0.0,50539.0,43.95,1,Да
666788260,10.0,0.0,0,1.2,1.2,0.0,8.8,88.0,1,Да
667095373,10.0,0.0,0,1.2,1.2,0.0,8.8,88.0,1,Да
666979292,79000.0,48500.0,0,9480.0,57980.0,0.0,21020.0,26.61,1,Да
660023431,120000.0,0.0,0,14400.0,14400.0,0.0,105600.0,88.0,1,Да
666975158,10.0,0.0,0,1.2,1.2,0.0,8.8,88.0,1,Да
666925387,10.0,0.0,0,1.2,1.2,0.0,8.8,88.0,1,Да
660949888,10.0,0.0,0,1.2,1.2,0.0,8.8,88.0,1,Да
674276340,140000.0,0.0,0,16800.0,16800.0,0.0,123200.0,88.0,1,Да
667099091,10.0,0.0,0,1.2,1.2,0.0,8.8,88.0,1,Да
666929234,44900.0,23200.0,0,5388.0,28588.0,0.0,16312.0,36.33,1,Да
666927064,10.0,0.0,0,1.2,1.2,0.0,8.8,88.0,1,Да
666785791,10.0,0.0,0,1.2,1.2,0.0,8.8,88.0,1,Да
660955434,10.0,0.0,0,1.2,1.2,0.0,8.8,88.0,1,Да
653926945,79000.0,48500.0,0,9480.0,57980.0,0.0,21020.0,26.61,1,Да
666994531,60000.0,29301.0,0,7200.0,36501.0,0.0,23499.0,39.16,1,Да
671681755,10.0,0.0,0,1.2,1.2,0.0,8.8,88.0,1,Да
666927089,10.0,0.0,0,1.2,1.2,0.0,8.8,88.0,1,Да
666785935,10.0,0.0,0,1.2,1.2,0.0,8.8,88.0,1,Да
671118217,79000.0,48500.0,0,9480.0,57980.0,0.0,21020.0,26.61,1,Да
674129652,54900.0,30213.0,0,8267.0,38480.0,0.0,16420.0,29.91,1,Да
666788494,10.0,0.0,0,1.2,1.2,0.0,8.8,88.0,1,Да
658627534,140000.0,0.0,0,16800.0,16800.0,0.0,123200.0,88.0,1,Да
666924532,10.0,0.0,0,1.2,1.2,0.0,8.8,88.0,1,Да
666789089,10.0,0.0,0,1.2,1.2,0.0,8.8,88.0,1,Да
666926438,10.0,0.0,0,1.2,1.2,0.0,8.8,88.0,1,Да
667258597,10.0,0.0,0,1.2,1.2,0.0,8.8,88.0,1,Да
667644573,10.0,0.0,0,1.2,1.2,0.0,8.8,88.0,1,Да
666789062,10.0,0.0,0,1.2,1.2,0.0,8.8,88.0,1,Да
666922706,10.0,0.0,0,1.2,1.2,0.0,8.8,88.0,1,Да
666930506,66000.0,44934.0,0,7920.0,52854.0,0.0,13146.0,19.92,1,Да
666789121,10.0,0.0,0,1.2,1.2,0.0,8.8,88.0,1,Да
667251716,75000.0,47000.0,0,9000.0,56000.0,0.0,19000.0,25.33,1,Да
666922745,10.0,0.0,0,1.2,1.2,0.0,8.8,88.0,1,Да
673690063,10.0,0.0,0,1.2,1.2,0.0,8.8,88.0,1,Да
666975474,10.0,0.0,0,1.2,1.2,0.0,8.8,88.0,1,Да
666944710,66000.0,44934.0,0,7920.0,52854.0,0.0,13146.0,19.92,1,Да
666923694,10.0,0.0,0,1.2,1.2,0.0,8.8,88.0,1,Да
667261307,10.0,0.0,0,1.2,1.2,0.0,8.8,88.0,1,Да
667261506,10.0,0.0,0,1.2,1.2,0.0,8.8,88.0,1,Да
659328412,77000.0,47000.0,0,16519.0,63519.0,0.0,13481.0,17.51,1,Да
663392698,10.0,0.0,0,1.2,1.2,0.0,8.8,88.0,1,Да
667262123,10.0,0.0,0,1.2,1.2,0.0,8.8,88.0,1,Да
658780005,10.0,0.0,0,1.2,1.2,0.0,8.8,88.0,1,Да
663393430,10.0,0.0,0,1.2,1.2,0.0,8.8,88.0,1,Да
663397011,10.0,0.0,0,1.2,1.2,0.0,8.8,88.0,1,Да
666581940,10.0,0.0,0,1.2,1.2,0.0,8.8,88.0,1,Да
673938324,10.0,47000.0,0,1.2,47001.2,0.0,-46991.2,-469912.0,1,Да
664554401,10.0,0.0,0,1.2,1.2,0.0,8.8,88.0,1,Да
661860366,69000.0,35580.0,0,8280.0,43860.0,0.0,25140.0,36.43,1,Да
666957265,61500.0,23650.0,0,11411.0,35061.0,0.0,26439.0,42.99,1,Да
663394295,10.0,0.0,0,1.2,1.2,0.0,8.8,88.0,1,Да
666583857,10.0,0.0,0,1.2,1.2,0.0,8.8,88.0,1,Да
663392916,10.0,0.0,0,1.2,1.2,0.0,8.8,88.0,1,Да
666583970,10.0,0.0,0,1.2,1.2,0.0,8.8,88.0,1,Да
664554603,10.0,0.0,0,1.2,1.2,0.0,8.8,88.0,1,Да
668758127,79000.0,48400.0,0,9480.0,57880.0,0.0,21120.0,26.73,1,Да
666587348,10.0,0.0,0,1.2,1.2,0.0,8.8,88.0,1,Да
664550701,10.0,0.0,0,1.2,1.2,0.0,8.8,88.0,1,Да
665704784,10.0,0.0,0,1.2,1.2,0.0,8.8,88.0,1,Да
666589126,10.0,0.0,0,1.2,1.2,0.0,8.8,88.0,1,Да
664552603,10.0,0.0,0,1.2,1.2,0.0,8.8,88.0,1,Да
666819779,10.0,0.0,0,1.2,1.2,0.0,8.8,88.0,1,Да
666975410,10.0,0.0,0,1.2,1.2,0.0,8.8,88.0,1,Да
660196996,10.0,0.0,0,1.2,1.2,0.0,8.8,88.0,1,Да
665705084,10.0,0.0,0,1.2,1.2,0.0,8.8,88.0,1,Да
667131911,10.0,0.0,0,1.2,1.2,0.0,8.8,88.0,1,Да
666819861,10.0,0.0,0,1.2,1.2,0.0,8.8,88.0,1,Да
660199797,10.0,0.0,0,1.2,1.2,0.0,8.8,88.0,1,Да
665706293,10.0,0.0,0,1.2,1.2,0.0,8.8,88.0,1,Да
666959164,130000.0,0.0,0,15600.0,15600.0,0.0,114400.0,88.0,1,Да
666821310,10.0,0.0,0,1.2,1.2,0.0,8.8,88.0,1,Да
667133450,10.0,0.0,0,1.2,1.2,0.0,8.8,88.0,1,Да
660199834,10.0,0.0,0,1.2,1.2,0.0,8.8,88.0,1,Да
666822409,10.0,0.0,0,1.2,1.2,0.0,8.8,88.0,1,Да
665706585,10.0,0.0,0,1.2,1.2,0.0,8.8,88.0,1,Да
667995478,10.0,0.0,0,1.2,1.2,0.0,8.8,88.0,1,Да
667135307,10.0,0.0,0,1.2,1.2,0.0,8.8,88.0,1,Да
660201159,10.0,0.0,0,1.2,1.2,0.0,8.8,88.0,1,Да
666822443,10.0,0.0,0,1.2,1.2,0.0,8.8,88.0,1,Да
665706520,10.0,0.0,0,1.2,1.2,0.0,8.8,88.0,1,Да
667131980,10.0,0.0,0,1.2,1.2,0.0,8.8,88.0,1,Да
666959165,120000.0,50661.0,0,14400.0,65061.0,0.0,54939.0,45.78,1,Да
667994768,10.0,0.0,0,1.2,1.2,0.0,8.8,88.0,1,Да
673490483,120000.0,50661.0,0,14400.0,65061.0,0.0,54939.0,45.78,1,Да
660201413,10.0,0.0,0,1.2,1.2,0.0,8.8,88.0,1,Да
658561129,79000.0,48400.0,0,9480.0,57880.0,0.0,21120.0,26.73,1,Да
666826023,10.0,0.0,0,1.2,1.2,0.0,8.8,88.0,1,Да
665708047,10.0,0.0,0,1.2,1.2,0.0,8.8,88.0,1,Да
667133522,10.0,0.0,0,1.2,1.2,0.0,8.8,88.0,1,Да
WB3998670716,10544.0,28700.0,0,0.0,28700.0,0.0,-18156.0,-172.19,1,Да
667998390,10.0,0.0,0,1.2,1.2,0.0,8.8,88.0,1,Да
660202224,10.0,0.0,0,1.2,1.2,0.0,8.8,88.0,1,Да
665708522,10.0,0.0,0,1.2,1.2,0.0,8.8,88.0,1,Да
667681346,57000.0,29301.0,0,6840.0,36141.0,0.0,20859.0,36.59,1,Да
660204118,10.0,0.0,0,1.2,1.2,0.0,8.8,88.0,1,Да
658642122,79000.0,35820.0,0,9480.0,45300.0,0.0,33700.0,42.66,1,Да
672926711,130000.0,68436.0,0,15600.0,84036.0,0.0,45964.0,35.36,1,Да
665708591,10.0,0.0,0,1.2,1.2,0.0,8.8,88.0,1,Да
666976294,10.0,0.0,0,1.2,1.2,0.0,8.8,88.0,1,Да
670578024,54900.0,30213.0,0,8491.0,38704.0,0.0,16196.0,29.5,1,Да
665701987,10.0,0.0,0,1.2,1.2,0.0,8.8,88.0,1,Да
674120373,140000.0,0.0,0,16800.0,16800.0,0.0,123200.0,88.0,1,Да
673975803,10.0,47000.0,0,1.2,47001.2,0.0,-46991.2,-469912.0,1,Да
660206071,10.0,0.0,0,1.2,1.2,0.0,8.8,88.0,1,Да
665702771,10.0,0.0,0,1.2,1.2,0.0,8.8,88.0,1,Да
673975824,10.0,47000.0,0,1.2,47001.2,0.0,-46991.2,-469912.0,1,Да
660206106,10.0,0.0,0,1.2,1.2,0.0,8.8,88.0,1,Да
665702878,10.0,0.0,0,1.2,1.2,0.0,8.8,88.0,1,Да
660206114,10.0,0.0,0,1.2,1.2,0.0,8.8,88.0,1,Да
665703741,10.0,0.0,0,1.2,1.2,0.0,8.8,88.0,1,Да
664589444,10.0,0.0,0,1.2,1.2,0.0,8.8,88.0,1,Да
666976129,10.0,0.0,0,1.2,1.2,0.0,8.8,88.0,1,Да
660201430,10.0,0.0,0,1.2,1.2,0.0,8.8,88.0,1,Да
660782563,65000.0,34218.0,0,7800.0,42018.0,0.0,22982.0,35.36,1,Да
666573362,10.0,0.0,0,1.2,1.2,0.0,8.8,88.0,1,Да
666570957,10.0,0.0,0,1.2,1.2,0.0,8.8,88.0,1,Да
666978044,10.0,0.0,0,1.2,1.2,0.0,8.8,88.0,1,Да
666572701,10.0,0.0,0,1.2,1.2,0.0,8.8,88.0,1,Да
658895390,10.0,0.0,0,1.2,1.2,0.0,8.8,88.0,1,Да
668028951,10.0,0.0,0,1.2,1.2,0.0,8.8,88.0,1,Да
668033652,10.0,0.0,0,1.2,1.2,0.0,8.8,88.0,1,Да
668034390,10.0,0.0,0,1.2,1.2,0.0,8.8,88.0,1,Да
666970336,10.0,0.0,0,1.2,1.2,0.0,8.8,88.0,1,Да
669828773,47000.0,0.0,0,9671.0,9671.0,0.0,37329.0,79.42,1,Да
668034500,10.0,0.0,0,1.2,1.2,0.0,8.8,88.0,1,Да
668035347,10.0,0.0,0,1.2,1.2,0.0,8.8,88.0,1,Да
668036208,10.0,0.0,0,1.2,1.2,0.0,8.8,88.0,1,Да
668038039,10.0,0.0,0,1.2,1.2,0.0,8.8,88.0,1,Да
667263645,10.0,0.0,0,1.2,1.2,0.0,8.8,88.0,1,Да
660314177,120000.0,0.0,0,14400.0,14400.0,0.0,105600.0,88.0,1,Да
666805656,10.0,0.0,0,1.2,1.2,0.0,8.8,88.0,1,Да
668033724,10.0,0.0,0,1.2,1.2,0.0,8.8,88.0,1,Да
666970859,10.0,0.0,0,1.2,1.2,0.0,8.8,88.0,1,Да
667264497,10.0,0.0,0,1.2,1.2,0.0,8.8,88.0,1,Да
668033753,10.0,0.0,0,1.2,1.2,0.0,8.8,88.0,1,Да
666806671,10.0,0.0,0,1.2,1.2,0.0,8.8,88.0,1,Да
660185550,10.0,0.0,0,1.2,1.2,0.0,8.8,88.0,1,Да
667270043,10.0,0.0,0,1.2,1.2,0.0,8.8,88.0,1,Да
660188445,10.0,0.0,0,1.2,1.2,0.0,8.8,88.0,1,Да
666808500,10.0,0.0,0,1.2,1.2,0.0,8.8,88.0,1,Да
667264566,10.0,0.0,0,1.2,1.2,0.0,8.8,88.0,1,Да
666811094,10.0,0.0,0,1.2,1.2,0.0,8.8,88.0,1,Да
660191253,10.0,0.0,0,1.2,1.2,0.0,8.8,88.0,1,Да
667264802,10.0,0.0,0,1.2,1.2,0.0,8.8,88.0,1,Да
666971002,10.0,0.0,0,1.2,1.2,0.0,8.8,88.0,1,Да
671847641,75000.0,47000.0,0,9000.0,56000.0,0.0,19000.0,25.33,1,Да
667975568,110000.0,50661.0,0,13200.0,63861.0,0.0,46139.0,41.94,1,Да
667265325,10.0,0.0,0,1.2,1.2,0.0,8.8,88.0,1,Да
673707764,10.0,0.0,0,1.2,1.2,0.0,8.8,88.0,1,Да
671247443,69000.0,35580.0,0,8280.0,43860.0,0.0,25140.0,36.43,1,Да
667265677,10.0,0.0,0,1.2,1.2,0.0,8.8,88.0,1,Да
659487710,77000.0,47000.0,0,16519.0,63519.0,0.0,13481.0,17.51,1,Да
667267357,10.0,0.0,0,1.2,1.2,0.0,8.8,88.0,1,Да
667269522,10.0,0.0,0,1.2,1.2,0.0,8.8,88.0,1,Да
666895351,63000.0,34218.0,0,7560.0,41778.0,0.0,21222.0,33.69,1,Да
667263966,10.0,0.0,0,1.2,1.2,0.0,8.8,88.0,1,Да
666971082,10.0,0.0,0,1.2,1.2,0.0,8.8,88.0,1,Да
665316019,79000.0,48500.0,0,16759.0,65259.0,0.0,13741.0,17.39,1,Да
WB4002496018,9562.0,30213.0,0,0.0,30213.0,0.0,-20651.0,-215.97,1,Да
WB4006036071,10351.0,30213.0,0,0.0,30213.0,0.0,-19862.0,-191.88,1,Да
671029024,81000.0,49551.0,0,11623.0,61174.0,0.0,19826.0,24.48,1,Да
WB4023242534,3825.0,12101.0,0,0.0,12101.0,0.0,-8276.0,-216.37,1,Да
666606489,10.0,0.0,0,1.2,1.2,0.0,8.8,88.0,1,Да
666971580,10.0,0.0,0,1.2,1.2,0.0,8.8,88.0,1,Да
664576651,10.0,0.0,0,1.2,1.2,0.0,8.8,88.0,1,Да
664577383,10.0,0.0,0,1.2,1.2,0.0,8.8,88.0,1,Да
671954124,44900.0,23200.0,0,5388.0,28588.0,0.0,16312.0,36.33,1,Да
666972341,10.0,0.0,0,1.2,1.2,0.0,8.8,88.0,1,Да
664578381,10.0,0.0,0,1.2,1.2,0.0,8.8,88.0,1,Да
670662881,79000.0,48400.0,0,9480.0,57880.0,0.0,21120.0,26.73,1,Да
666698878,115000.0,50661.0,0,13800.0,64461.0,0.0,50539.0,43.95,1,Да
664578337,10.0,0.0,0,1.2,1.2,0.0,8.8,88.0,1,Да
666561493,66000.0,44934.0,0,7920.0,52854.0,0.0,13146.0,19.92,1,Да
667151630,77000.0,47000.0,0,16519.0,63519.0,0.0,13481.0,17.51,1,Да
672402595,120000.0,50661.0,0,14400.0,65061.0,0.0,54939.0,45.78,1,Да
664579393,10.0,0.0,0,1.2,1.2,0.0,8.8,88.0,1,Да
661564481,79000.0,48400.0,0,9480.0,57880.0,0.0,21120.0,26.73,1,Да
666972453,10.0,0.0,0,1.2,1.2,0.0,8.8,88.0,1,Да
673749101,120000.0,0.0,0,14400.0,14400.0,0.0,105600.0,88.0,1,Да
673499563,79000.0,48500.0,0,9480.0,57980.0,0.0,21020.0,26.61,1,Да
669205306,126000.0,0.0,0,15120.0,15120.0,0.0,110880.0,88.0,1,Да
669674110,140000.0,0.0,0,16800.0,16800.0,0.0,123200.0,88.0,1,Да
668019542,10.0,0.0,0,1.2,1.2,0.0,8.8,88.0,1,Да
660958554,10.0,0.0,0,1.2,1.2,0.0,8.8,88.0,1,Да
668879662,55000.0,24300.0,0,10631.0,34931.0,0.0,20069.0,36.49,1,Да
660958678,10.0,0.0,0,1.2,1.2,0.0,8.8,88.0,1,Да
666973118,10.0,0.0,0,1.2,1.2,0.0,8.8,88.0,1,Да
660962362,10.0,0.0,0,1.2,1.2,0.0,8.8,88.0,1,Да
664228029,20.0,0.0,0,2.4,2.4,0.0,17.6,88.0,1,Да
666790837,10.0,0.0,0,1.2,1.2,0.0,8.8,88.0,1,Да
667249630,10.0,0.0,0,1.2,1.2,0.0,8.8,88.0,1,Да
672812122,130000.0,68436.0,0,15600.0,84036.0,0.0,45964.0,35.36,1,Да
666790894,10.0,0.0,0,1.2,1.2,0.0,8.8,88.0,1,Да
660958799,10.0,0.0,0,1.2,1.2,0.0,8.8,88.0,1,Да
667254097,10.0,0.0,0,1.2,1.2,0.0,8.8,88.0,1,Да
667102478,10.0,0.0,0,1.2,1.2,0.0,8.8,88.0,1,Да
666793629,10.0,0.0,0,1.2,1.2,0.0,8.8,88.0,1,Да
660958826,10.0,0.0,0,1.2,1.2,0.0,8.8,88.0,1,Да
666642872,126000.0,68436.0,0,15120.0,83556.0,0.0,42444.0,33.69,1,Да
666795487,10.0,0.0,0,1.2,1.2,0.0,8.8,88.0,1,Да
666926935,10.0,0.0,0,1.2,1.2,0.0,8.8,88.0,1,Да
666796312,10.0,0.0,0,1.2,1.2,0.0,8.8,88.0,1,Да
660959579,10.0,0.0,0,1.2,1.2,0.0,8.8,88.0,1,Да
666794733,10.0,0.0,0,1.2,1.2,0.0,8.8,88.0,1,Да
671535512,79000.0,48500.0,0,9480.0,57980.0,0.0,21020.0,26.61,1,Да
660960640,10.0,0.0,0,1.2,1.2,0.0,8.8,88.0,1,Да
666795611,10.0,0.0,0,1.2,1.2,0.0,8.8,88.0,1,Да
670707536,280000.0,0.0,0,33600.0,33600.0,0.0,246400.0,88.0,1,Да
664611632,110000.0,0.0,0,13200.0,13200.0,0.0,96800.0,88.0,1,Да
666929604,10.0,0.0,0,1.2,1.2,0.0,8.8,88.0,1,Да
666797048,10.0,0.0,0,1.2,1.2,0.0,8.8,88.0,1,Да
661459678,79000.0,48400.0,0,9480.0,57880.0,0.0,21120.0,26.73,1,Да
664868973,55000.0,24300.0,0,10631.0,34931.0,0.0,20069.0,36.49,1,Да
661960930,69000.0,35580.0,0,8280.0,43860.0,0.0,25140.0,36.43,1,Да
667248898,10.0,0.0,0,1.2,1.2,0.0,8.8,88.0,1,Да
667250642,10.0,0.0,0,1.2,1.2,0.0,8.8,88.0,1,Да
673789136,41500.0,16150.0,0,4980.0,21130.0,0.0,20370.0,49.08,1,Да
666929776,10.0,0.0,0,1.2,1.2,0.0,8.8,88.0,1,Да
663398919,10.0,0.0,0,1.2,1.2,0.0,8.8,88.0,1,Да
667250702,10.0,0.0,0,1.2,1.2,0.0,8.8,88.0,1,Да
666590920,10.0,0.0,0,1.2,1.2,0.0,8.8,88.0,1,Да
667251456,10.0,0.0,0,1.2,1.2,0.0,8.8,88.0,1,Да
663401590,10.0,0.0,0,1.2,1.2,0.0,8.8,88.0,1,Да
667252618,10.0,0.0,0,1.2,1.2,0.0,8.8,88.0,1,Да
663402443,10.0,0.0,0,1.2,1.2,0.0,8.8,88.0,1,Да
664557684,10.0,0.0,0,1.2,1.2,0.0,8.8,88.0,1,Да
667252635,10.0,0.0,0,1.2,1.2,0.0,8.8,88.0,1,Да
671179423,79000.0,35820.0,0,9480.0,45300.0,0.0,33700.0,42.66,1,Да
663403085,10.0,0.0,0,1.2,1.2,0.0,8.8,88.0,1,Да
666594621,10.0,0.0,0,1.2,1.2,0.0,8.8,88.0,1,Да
669248203,120000.0,50661.0,0,14400.0,65061.0,0.0,54939.0,45.78,1,Да
664557884,10.0,0.0,0,1.2,1.2,0.0,8.8,88.0,1,Да
666595515,115000.0,50661.0,0,13800.0,64461.0,0.0,50539.0,43.95,1,Да
663403289,10.0,0.0,0,1.2,1.2,0.0,8.8,88.0,1,Да
670320113,115000.0,50661.0,0,13800.0,64461.0,0.0,50539.0,43.95,1,Да
664558745,10.0,0.0,0,1.2,1.2,0.0,8.8,88.0,1,Да
666595504,10.0,0.0,0,1.2,1.2,0.0,8.8,88.0,1,Да
666934016,10.0,0.0,0,1.2,1.2,0.0,8.8,88.0,1,Да
665714558,10.0,0.0,0,1.2,1.2,0.0,8.8,88.0,1,Да
664559542,10.0,0.0,0,1.2,1.2,0.0,8.8,88.0,1,Да
666599072,10.0,0.0,0,1.2,1.2,0.0,8.8,88.0,1,Да
669087761,115000.0,50661.0,0,13800.0,64461.0,0.0,50539.0,43.95,1,Да
663407083,10.0,0.0,0,1.2,1.2,0.0,8.8,88.0,1,Да
669088742,115000.0,50661.0,0,13800.0,64461.0,0.0,50539.0,43.95,1,Да
664560461,10.0,0.0,0,1.2,1.2,0.0,8.8,88.0,1,Да
665714708,10.0,0.0,0,1.2,1.2,0.0,8.8,88.0,1,Да
663401731,79000.0,48400.0,0,9480.0,57880.0,0.0,21120.0,26.73,1,Да
664560565,10.0,0.0,0,1.2,1.2,0.0,8.8,88.0,1,Да
660206931,10.0,0.0,0,1.2,1.2,0.0,8.8,88.0,1,Да
665715218,10.0,0.0,0,1.2,1.2,0.0,8.8,88.0,1,Да
667140747,10.0,0.0,0,1.2,1.2,0.0,8.8,88.0,1,Да
674326751,89900.0,0.0,0,10788.0,10788.0,0.0,79112.0,88.0,1,Да
660206992,10.0,0.0,0,1.2,1.2,0.0,8.8,88.0,1,Да
672298795,69000.0,35580.0,0,8280.0,43860.0,0.0,25140.0,36.43,1,Да
664560637,10.0,0.0,0,1.2,1.2,0.0,8.8,88.0,1,Да
666934151,10.0,0.0,0,1.2,1.2,0.0,8.8,88.0,1,Да
667141459,10.0,0.0,0,1.2,1.2,0.0,8.8,88.0,1,Да
665715323,10.0,0.0,0,1.2,1.2,0.0,8.8,88.0,1,Да
664561591,10.0,0.0,0,1.2,1.2,0.0,8.8,88.0,1,Да
667142530,10.0,0.0,0,1.2,1.2,0.0,8.8,88.0,1,Да
665718126,10.0,0.0,0,1.2,1.2,0.0,8.8,88.0,1,Да
660330679,55000.0,24300.0,0,10631.0,34931.0,0.0,20069.0,36.49,1,Да
664562469,10.0,0.0,0,1.2,1.2,0.0,8.8,88.0,1,Да
667144047,10.0,0.0,0,1.2,1.2,0.0,8.8,88.0,1,Да
665718439,10.0,0.0,0,1.2,1.2,0.0,8.8,88.0,1,Да
667146131,10.0,0.0,0,1.2,1.2,0.0,8.8,88.0,1,Да
669185954,115000.0,50661.0,0,13800.0,64461.0,0.0,50539.0,43.95,1,Да
665719057,10.0,0.0,0,1.2,1.2,0.0,8.8,88.0,1,Да
666777813,10.0,0.0,0,1.2,1.2,0.0,8.8,88.0,1,Да
664563365,10.0,0.0,0,1.2,1.2,0.0,8.8,88.0,1,Да
665713262,10.0,0.0,0,1.2,1.2,0.0,8.8,88.0,1,Да
666781096,10.0,0.0,0,1.2,1.2,0.0,8.8,88.0,1,Да
664564227,10.0,0.0,0,1.2,1.2,0.0,8.8,88.0,1,Да
667145274,10.0,0.0,0,1.2,1.2,0.0,8.8,88.0,1,Да
666781148,10.0,0.0,0,1.2,1.2,0.0,8.8,88.0,1,Да
667452821,60000.0,29301.0,0,7200.0,36501.0,0.0,23499.0,39.16,1,Да
667145253,10.0,0.0,0,1.2,1.2,0.0,8.8,88.0,1,Да
665713370,10.0,0.0,0,1.2,1.2,0.0,8.8,88.0,1,Да
660952654,10.0,0.0,0,1.2,1.2,0.0,8.8,88.0,1,Да
667146224,10.0,0.0,0,1.2,1.2,0.0,8.8,88.0,1,Да
666935976,10.0,0.0,0,1.2,1.2,0.0,8.8,88.0,1,Да
665713698,10.0,0.0,0,1.2,1.2,0.0,8.8,88.0,1,Да
666777965,10.0,0.0,0,1.2,1.2,0.0,8.8,88.0,1,Да
667142587,10.0,0.0,0,1.2,1.2,0.0,8.8,88.0,1,Да
666782197,10.0,0.0,0,1.2,1.2,0.0,8.8,88.0,1,Да
667085922,10.0,0.0,0,1.2,1.2,0.0,8.8,88.0,1,Да
667086900,10.0,0.0,0,1.2,1.2,0.0,8.8,88.0,1,Да
667086996,10.0,0.0,0,1.2,1.2,0.0,8.8,88.0,1,Да
666937056,10.0,0.0,0,1.2,1.2,0.0,8.8,88.0,1,Да
667089351,10.0,0.0,0,1.2,1.2,0.0,8.8,88.0,1,Да
660953604,10.0,0.0,0,1.2,1.2,0.0,8.8,88.0,1,Да
667090303,10.0,0.0,0,1.2,1.2,0.0,8.8,88.0,1,Да
667091142,10.0,0.0,0,1.2,1.2,0.0,8.8,88.0,1,Да
667636929,10.0,0.0,0,1.2,1.2,0.0,8.8,88.0,1,Да
667092045,10.0,0.0,0,1.2,1.2,0.0,8.8,88.0,1,Да
666864966,115000.0,50661.0,0,13800.0,64461.0,0.0,50539.0,43.95,1,Да
672887890,140000.0,0.0,0,16800.0,16800.0,0.0,123200.0,88.0,1,Да
666937640,10.0,0.0,0,1.2,1.2,0.0,8.8,88.0,1,Да
660808069,65000.0,34218.0,0,7800.0,42018.0,0.0,22982.0,35.36,1,Да
666579632,10.0,0.0,0,1.2,1.2,0.0,8.8,88.0,1,Да
WB4018504697,5103.0,12101.0,0,0.0,12101.0,0.0,-6998.0,-137.14,1,Да
666582241,10.0,0.0,0,1.2,1.2,0.0,8.8,88.0,1,Да
666585097,10.0,0.0,0,1.2,1.2,0.0,8.8,88.0,1,Да
666938125,10.0,0.0,0,1.2,1.2,0.0,8.8,88.0,1,Да
668039868,10.0,0.0,0,1.2,1.2,0.0,8.8,88.0,1,Да
664541943,10.0,0.0,0,1.2,1.2,0.0,8.8,88.0,1,Да
666585277,10.0,0.0,0,1.2,1.2,0.0,8.8,88.0,1,Да
664546541,10.0,0.0,0,1.2,1.2,0.0,8.8,88.0,1,Да
668040490,10.0,0.0,0,1.2,1.2,0.0,8.8,88.0,1,Да
666580847,10.0,0.0,0,1.2,1.2,0.0,8.8,88.0,1,Да
661270193,77000.0,47000.0,0,16519.0,63519.0,0.0,13481.0,17.51,1,Да
664547409,10.0,0.0,0,1.2,1.2,0.0,8.8,88.0,1,Да
668042457,10.0,0.0,0,1.2,1.2,0.0,8.8,88.0,1,Да
669069924,115000.0,50661.0,0,13800.0,64461.0,0.0,50539.0,43.95,1,Да
664548049,10.0,0.0,0,1.2,1.2,0.0,8.8,88.0,1,Да
668043213,10.0,0.0,0,1.2,1.2,0.0,8.8,88.0,1,Да
666939460,10.0,0.0,0,1.2,1.2,0.0,8.8,88.0,1,Да
668044019,10.0,0.0,0,1.2,1.2,0.0,8.8,88.0,1,Да
662335964,130000.0,68436.0,0,15600.0,84036.0,0.0,45964.0,35.36,1,Да
668044165,10.0,0.0,0,1.2,1.2,0.0,8.8,88.0,1,Да
663760869,120000.0,50661.0,0,14400.0,65061.0,0.0,54939.0,45.78,1,Да
662338793,10.0,0.0,0,1.2,1.2,0.0,8.8,88.0,1,Да
674373139,79000.0,35820.0,0,9480.0,45300.0,0.0,33700.0,42.66,1,Да
669968052,140000.0,0.0,0,16800.0,16800.0,0.0,123200.0,88.0,1,Да
659675646,77000.0,47000.0,0,9240.0,56240.0,0.0,20760.0,26.96,1,Да
668037957,10.0,0.0,0,1.2,1.2,0.0,8.8,88.0,1,Да
667128369,10.0,0.0,0,1.2,1.2,0.0,8.8,88.0,1,Да
649970416,75000.0,47000.0,0,13031.0,60031.0,0.0,14969.0,19.96,1,Да
668038936,10.0,0.0,0,1.2,1.2,0.0,8.8,88.0,1,Да
666939610,10.0,0.0,0,1.2,1.2,0.0,8.8,88.0,1,Да
674313163,69000.0,35580.0,0,8280.0,43860.0,0.0,25140.0,36.43,1,Да
667127437,10.0,0.0,0,1.2,1.2,0.0,8.8,88.0,1,Да
666815682,10.0,0.0,0,1.2,1.2,0.0,8.8,88.0,1,Да
672179929,79000.0,48500.0,0,9480.0,57980.0,0.0,21020.0,26.61,1,Да
667676020,35100.0,20519.0,0,5891.0,26410.0,0.0,8690.0,24.76,1,Да
667129291,10.0,0.0,0,1.2,1.2,0.0,8.8,88.0,1,Да
660195445,10.0,0.0,0,1.2,1.2,0.0,8.8,88.0,1,Да
666815528,10.0,0.0,0,1.2,1.2,0.0,8.8,88.0,1,Да
664195482,10.0,0.0,0,1.2,1.2,0.0,8.8,88.0,1,Да
666813665,10.0,0.0,0,1.2,1.2,0.0,8.8,88.0,1,Да
666939501,10.0,0.0,0,1.2,1.2,0.0,8.8,88.0,1,Да
664197376,10.0,0.0,0,1.2,1.2,0.0,8.8,88.0,1,Да
669324599,65000.0,0.0,0,7800.0,7800.0,0.0,57200.0,88.0,1,Да
660195574,10.0,0.0,0,1.2,1.2,0.0,8.8,88.0,1,Да
666813790,10.0,0.0,0,1.2,1.2,0.0,8.8,88.0,1,Да
674112668,120000.0,50661.0,0,14400.0,65061.0,0.0,54939.0,45.78,1,Да
660192667,10.0,0.0,0,1.2,1.2,0.0,8.8,88.0,1,Да
669175690,63000.0,0.0,0,7560.0,7560.0,0.0,55440.0,88.0,1,Да
658496806,120000.0,50661.0,0,14400.0,65061.0,0.0,54939.0,45.78,1,Да
666930485,10.0,0.0,0,1.2,1.2,0.0,8.8,88.0,1,Да
668075744,10.0,0.0,0,1.2,1.2,0.0,8.8,88.0,1,Да
671496715,120000.0,0.0,0,14400.0,14400.0,0.0,105600.0,88.0,1,Да
666006513,10.0,0.0,0,1.2,1.2,0.0,8.8,88.0,1,Да
666930499,10.0,0.0,0,1.2,1.2,0.0,8.8,88.0,1,Да
666007537,10.0,0.0,0,1.2,1.2,0.0,8.8,88.0,1,Да
668953169,79000.0,35820.0,0,9480.0,45300.0,0.0,33700.0,42.66,1,Да
671077760,54900.0,28700.0,0,8491.0,37191.0,0.0,17709.0,32.26,1,Да
666001360,77000.0,47000.0,0,16519.0,63519.0,0.0,13481.0,17.51,1,Да
668797068,115000.0,50661.0,0,13800.0,64461.0,0.0,50539.0,43.95,1,Да
666003571,10.0,0.0,0,1.2,1.2,0.0,8.8,88.0,1,Да
659591615,65000.0,34218.0,0,7800.0,42018.0,0.0,22982.0,35.36,1,Да
666930715,10.0,0.0,0,1.2,1.2,0.0,8.8,88.0,1,Да
666010146,10.0,0.0,0,1.2,1.2,0.0,8.8,88.0,1,Да
670670965,140000.0,0.0,0,16800.0,16800.0,0.0,123200.0,88.0,1,Да
670671583,79000.0,48500.0,0,9480.0,57980.0,0.0,21020.0,26.61,1,Да
666563735,10.0,0.0,0,1.2,1.2,0.0,8.8,88.0,1,Да
666566496,10.0,0.0,0,1.2,1.2,0.0,8.8,88.0,1,Да
666930849,10.0,0.0,0,1.2,1.2,0.0,8.8,88.0,1,Да
668023995,10.0,0.0,0,1.2,1.2,0.0,8.8,88.0,1,Да
671440702,10.0,0.0,0,1.2,1.2,0.0,8.8,88.0,1,Да
666567558,10.0,0.0,0,1.2,1.2,0.0,8.8,88.0,1,Да
668025776,10.0,0.0,0,1.2,1.2,0.0,8.8,88.0,1,Да
660213080,10.0,0.0,0,1.2,1.2,0.0,8.8,88.0,1,Да
666124212,79000.0,48500.0,0,9480.0,57980.0,0.0,21020.0,26.61,1,Да
668026617,10.0,0.0,0,1.2,1.2,0.0,8.8,88.0,1,Да
668027572,10.0,0.0,0,1.2,1.2,0.0,8.8,88.0,1,Да
WB4009292149,9898.0,30213.0,0,0.0,30213.0,0.0,-20315.0,-205.24,1,Да
660968488,10.0,0.0,0,1.2,1.2,0.0,8.8,88.0,1,Да
666930985,10.0,0.0,0,1.2,1.2,0.0,8.8,88.0,1,Да
668028145,10.0,0.0,0,1.2,1.2,0.0,8.8,88.0,1,Да
660969332,10.0,0.0,0,1.2,1.2,0.0,8.8,88.0,1,Да
666797967,10.0,0.0,0,1.2,1.2,0.0,8.8,88.0,1,Да
668028229,10.0,0.0,0,1.2,1.2,0.0,8.8,88.0,1,Да
662172434,77000.0,47000.0,0,16519.0,63519.0,0.0,13481.0,17.51,1,Да
666798987,10.0,0.0,0,1.2,1.2,0.0,8.8,88.0,1,Да
668028295,10.0,0.0,0,1.2,1.2,0.0,8.8,88.0,1,Да
666799792,10.0,0.0,0,1.2,1.2,0.0,8.8,88.0,1,Да
660972054,10.0,0.0,0,1.2,1.2,0.0,8.8,88.0,1,Да
668028407,10.0,0.0,0,1.2,1.2,0.0,8.8,88.0,1,Да
666800816,10.0,0.0,0,1.2,1.2,0.0,8.8,88.0,1,Да
660966789,10.0,0.0,0,1.2,1.2,0.0,8.8,88.0,1,Да
666930958,10.0,0.0,0,1.2,1.2,0.0,8.8,88.0,1,Да
668032136,10.0,0.0,0,1.2,1.2,0.0,8.8,88.0,1,Да
666800940,10.0,0.0,0,1.2,1.2,0.0,8.8,88.0,1,Да
660178692,10.0,0.0,0,1.2,1.2,0.0,8.8,88.0,1,Да
660969376,10.0,0.0,0,1.2,1.2,0.0,8.8,88.0,1,Да
666802582,10.0,0.0,0,1.2,1.2,0.0,8.8,88.0,1,Да
671125167,69000.0,35580.0,0,8280.0,43860.0,0.0,25140.0,36.43,1,Да
666802607,10.0,0.0,0,1.2,1.2,0.0,8.8,88.0,1,Да
666803453,10.0,0.0,0,1.2,1.2,0.0,8.8,88.0,1,Да
666931411,10.0,0.0,0,1.2,1.2,0.0,8.8,88.0,1,Да
666799866,10.0,0.0,0,1.2,1.2,0.0,8.8,88.0,1,Да
666804391,10.0,0.0,0,1.2,1.2,0.0,8.8,88.0,1,Да
671541672,77000.0,47000.0,0,9240.0,56240.0,0.0,20760.0,26.96,1,Да
WB3990067712,4935.0,12101.0,0,0.0,12101.0,0.0,-7166.0,-145.21,1,Да
666807028,10.0,0.0,0,1.2,1.2,0.0,8.8,88.0,1,Да
666931905,10.0,0.0,0,1.2,1.2,0.0,8.8,88.0,1,Да
666803572,10.0,0.0,0,1.2,1.2,0.0,8.8,88.0,1,Да
666887875,115000.0,50661.0,0,13800.0,64461.0,0.0,50539.0,43.95,1,Да
663407910,77000.0,47000.0,0,9240.0,56240.0,0.0,20760.0,26.96,1,Да
666803597,10.0,0.0,0,1.2,1.2,0.0,8.8,88.0,1,Да
660812678,41500.0,16150.0,0,6883.0,23033.0,0.0,18467.0,44.5,1,Да
673647311,120000.0,58602.0,0,14400.0,73002.0,0.0,46998.0,39.16,1,Да
664567784,10.0,0.0,0,1.2,1.2,0.0,8.8,88.0,1,Да
664567874,10.0,0.0,0,1.2,1.2,0.0,8.8,88.0,1,Да
666932279,10.0,0.0,0,1.2,1.2,0.0,8.8,88.0,1,Да
669103303,79000.0,35820.0,0,9480.0,45300.0,0.0,33700.0,42.66,1,Да
670653843,69000.0,35580.0,0,8280.0,43860.0,0.0,25140.0,36.43,1,Да
652696186,50000.0,21200.0,0,10031.0,31231.0,0.0,18769.0,37.54,1,Да
664737721,79000.0,35820.0,0,9480.0,45300.0,0.0,33700.0,42.66,1,Да
670320970,115000.0,50661.0,0,13800.0,64461.0,0.0,50539.0,43.95,1,Да
666932247,10.0,0.0,0,1.2,1.2,0.0,8.8,88.0,1,Да
670321992,115000.0,50661.0,0,13800.0,64461.0,0.0,50539.0,43.95,1,Да
668776608,66000.0,44934.0,0,7920.0,52854.0,0.0,13146.0,19.92,1,Да
664739773,77000.0,47000.0,0,9240.0,56240.0,0.0,20760.0,26.96,1,Да
667143831,79000.0,48500.0,0,9480.0,57980.0,0.0,21020.0,26.61,1,Да
WB4018352399,4521.0,12101.0,0,0.0,12101.0,0.0,-7580.0,-167.66,1,Да
664567908,10.0,0.0,0,1.2,1.2,0.0,8.8,88.0,1,Да
667695928,79000.0,35820.0,0,9480.0,45300.0,0.0,33700.0,42.66,1,Да
666932852,10.0,0.0,0,1.2,1.2,0.0,8.8,88.0,1,Да
664568859,10.0,0.0,0,1.2,1.2,0.0,8.8,88.0,1,Да
671279173,79000.0,35820.0,0,9480.0,45300.0,0.0,33700.0,42.66,1,Да
664569736,10.0,0.0,0,1.2,1.2,0.0,8.8,88.0,1,Да
668874570,79000.0,48400.0,0,9480.0,57880.0,0.0,21120.0,26.73,1,Да
666923812,10.0,0.0,0,1.2,1.2,0.0,8.8,88.0,1,Да
666817726,10.0,0.0,0,1.2,1.2,0.0,8.8,88.0,1,Да
662604135,41500.0,16150.0,0,4980.0,21130.0,0.0,20370.0,49.08,1,Да
666925628,10.0,0.0,0,1.2,1.2,0.0,8.8,88.0,1,Да
666944396,10.0,0.0,0,1.2,1.2,0.0,8.8,88.0,1,Да
666926509,10.0,0.0,0,1.2,1.2,0.0,8.8,88.0,1,Да
660955658,10.0,0.0,0,1.2,1.2,0.0,8.8,88.0,1,Да
666927268,10.0,0.0,0,1.2,1.2,0.0,8.8,88.0,1,Да
660957155,10.0,0.0,0,1.2,1.2,0.0,8.8,88.0,1,Да
666789252,10.0,0.0,0,1.2,1.2,0.0,8.8,88.0,1,Да
666929063,10.0,0.0,0,1.2,1.2,0.0,8.8,88.0,1,Да
667093843,10.0,0.0,0,1.2,1.2,0.0,8.8,88.0,1,Да
660953631,10.0,0.0,0,1.2,1.2,0.0,8.8,88.0,1,Да
666792047,10.0,0.0,0,1.2,1.2,0.0,8.8,88.0,1,Да
666944362,10.0,0.0,0,1.2,1.2,0.0,8.8,88.0,1,Да
667096366,10.0,0.0,0,1.2,1.2,0.0,8.8,88.0,1,Да
666924675,10.0,0.0,0,1.2,1.2,0.0,8.8,88.0,1,Да
674274897,120000.0,50661.0,0,14400.0,65061.0,0.0,54939.0,45.78,1,Да
666787755,10.0,0.0,0,1.2,1.2,0.0,8.8,88.0,1,Да
667099178,10.0,0.0,0,1.2,1.2,0.0,8.8,88.0,1,Да
666824023,10.0,0.0,0,1.2,1.2,0.0,8.8,88.0,1,Да
673685637,10.0,0.0,0,1.2,1.2,0.0,8.8,88.0,1,Да
666925755,10.0,0.0,0,1.2,1.2,0.0,8.8,88.0,1,Да
666788636,10.0,0.0,0,1.2,1.2,0.0,8.8,88.0,1,Да
667095639,10.0,0.0,0,1.2,1.2,0.0,8.8,88.0,1,Да
673685695,10.0,0.0,0,1.2,1.2,0.0,8.8,88.0,1,Да
669140731,61500.0,23650.0,0,11411.0,35061.0,0.0,26439.0,42.99,1,Да
666791176,10.0,0.0,0,1.2,1.2,0.0,8.8,88.0,1,Да
667097482,10.0,0.0,0,1.2,1.2,0.0,8.8,88.0,1,Да
666944683,10.0,0.0,0,1.2,1.2,0.0,8.8,88.0,1,Да
673686543,10.0,0.0,0,1.2,1.2,0.0,8.8,88.0,1,Да
670703119,54900.0,28700.0,0,6588.0,35288.0,0.0,19612.0,35.72,1,Да
665725115,10.0,0.0,0,1.2,1.2,0.0,8.8,88.0,1,Да
666820477,10.0,0.0,0,1.2,1.2,0.0,8.8,88.0,1,Да
666586627,10.0,0.0,0,1.2,1.2,0.0,8.8,88.0,1,Да
665726266,10.0,0.0,0,1.2,1.2,0.0,8.8,88.0,1,Да
WB4011800507,4747.0,12101.0,0,0.0,12101.0,0.0,-7354.0,-154.92,1,Да
658910867,79000.0,48400.0,0,9480.0,57880.0,0.0,21120.0,26.73,1,Да
664812737,120000.0,50661.0,0,14400.0,65061.0,0.0,54939.0,45.78,1,Да
666588715,10.0,0.0,0,1.2,1.2,0.0,8.8,88.0,1,Да
664549889,10.0,0.0,0,1.2,1.2,0.0,8.8,88.0,1,Да
665727086,10.0,0.0,0,1.2,1.2,0.0,8.8,88.0,1,Да
664551784,10.0,0.0,0,1.2,1.2,0.0,8.8,88.0,1,Да
663394527,10.0,0.0,0,1.2,1.2,0.0,8.8,88.0,1,Да
666592095,10.0,0.0,0,1.2,1.2,0.0,8.8,88.0,1,Да
673631781,10.0,30213.0,0,1.2,30214.2,0.0,-30204.2,-302042.0,1,Да
673689184,10.0,0.0,0,1.2,1.2,0.0,8.8,88.0,1,Да
663395265,10.0,0.0,0,1.2,1.2,0.0,8.8,88.0,1,Да
666593296,10.0,0.0,0,1.2,1.2,0.0,8.8,88.0,1,Да
664554976,10.0,0.0,0,1.2,1.2,0.0,8.8,88.0,1,Да
665727241,10.0,0.0,0,1.2,1.2,0.0,8.8,88.0,1,Да
667279120,10.0,0.0,0,1.2,1.2,0.0,8.8,88.0,1,Да
666821092,10.0,0.0,0,1.2,1.2,0.0,8.8,88.0,1,Да
663395332,10.0,0.0,0,1.2,1.2,0.0,8.8,88.0,1,Да
673689366,10.0,0.0,0,1.2,1.2,0.0,8.8,88.0,1,Да
667273654,10.0,0.0,0,1.2,1.2,0.0,8.8,88.0,1,Да
664554927,10.0,0.0,0,1.2,1.2,0.0,8.8,88.0,1,Да
666944502,10.0,0.0,0,1.2,1.2,0.0,8.8,88.0,1,Да
673634752,10.0,30213.0,0,1.2,30214.2,0.0,-30204.2,-302042.0,1,Да
665720939,10.0,0.0,0,1.2,1.2,0.0,8.8,88.0,1,Да
663399146,10.0,0.0,0,1.2,1.2,0.0,8.8,88.0,1,Да
664555687,10.0,0.0,0,1.2,1.2,0.0,8.8,88.0,1,Да
673637144,10.0,30213.0,0,1.2,30214.2,0.0,-30204.2,-302042.0,1,Да
663400024,10.0,0.0,0,1.2,1.2,0.0,8.8,88.0,1,Да
665722667,10.0,0.0,0,1.2,1.2,0.0,8.8,88.0,1,Да
670976726,65000.0,34218.0,0,7800.0,42018.0,0.0,22982.0,35.36,1,Да
665723491,10.0,0.0,0,1.2,1.2,0.0,8.8,88.0,1,Да
673935816,10.0,47000.0,0,1.2,47001.2,0.0,-46991.2,-469912.0,1,Да
666821578,10.0,0.0,0,1.2,1.2,0.0,8.8,88.0,1,Да
664555725,10.0,0.0,0,1.2,1.2,0.0,8.8,88.0,1,Да
668913796,79000.0,48500.0,0,9480.0,57980.0,0.0,21020.0,26.61,1,Да
663394765,10.0,0.0,0,1.2,1.2,0.0,8.8,88.0,1,Да
666821693,10.0,0.0,0,1.2,1.2,0.0,8.8,88.0,1,Да
667132952,10.0,0.0,0,1.2,1.2,0.0,8.8,88.0,1,Да
664557087,10.0,0.0,0,1.2,1.2,0.0,8.8,88.0,1,Да
663397463,10.0,0.0,0,1.2,1.2,0.0,8.8,88.0,1,Да
660201604,10.0,0.0,0,1.2,1.2,0.0,8.8,88.0,1,Да
667279674,10.0,0.0,0,1.2,1.2,0.0,8.8,88.0,1,Да
667132981,10.0,0.0,0,1.2,1.2,0.0,8.8,88.0,1,Да
664559042,10.0,0.0,0,1.2,1.2,0.0,8.8,88.0,1,Да
663399177,10.0,0.0,0,1.2,1.2,0.0,8.8,88.0,1,Да
665830999,55000.0,29301.0,0,6600.0,35901.0,0.0,19099.0,34.73,1,Да
666944575,10.0,0.0,0,1.2,1.2,0.0,8.8,88.0,1,Да
660202474,10.0,0.0,0,1.2,1.2,0.0,8.8,88.0,1,Да
672982337,77000.0,47000.0,0,16519.0,63519.0,0.0,13481.0,17.51,1,Да
667283343,10.0,0.0,0,1.2,1.2,0.0,8.8,88.0,1,Да
666822636,10.0,0.0,0,1.2,1.2,0.0,8.8,88.0,1,Да
664551809,10.0,0.0,0,1.2,1.2,0.0,8.8,88.0,1,Да
667133632,10.0,0.0,0,1.2,1.2,0.0,8.8,88.0,1,Да
660204322,10.0,0.0,0,1.2,1.2,0.0,8.8,88.0,1,Да
666826154,10.0,0.0,0,1.2,1.2,0.0,8.8,88.0,1,Да
664552954,10.0,0.0,0,1.2,1.2,0.0,8.8,88.0,1,Да
667135438,10.0,0.0,0,1.2,1.2,0.0,8.8,88.0,1,Да
658412290,120000.0,50661.0,0,14400.0,65061.0,0.0,54939.0,45.78,1,Да
667279798,10.0,0.0,0,1.2,1.2,0.0,8.8,88.0,1,Да
660205191,10.0,0.0,0,1.2,1.2,0.0,8.8,88.0,1,Да
666826174,10.0,0.0,0,1.2,1.2,0.0,8.8,88.0,1,Да
667137183,10.0,0.0,0,1.2,1.2,0.0,8.8,88.0,1,Да
664553743,10.0,0.0,0,1.2,1.2,0.0,8.8,88.0,1,Да
667279734,10.0,0.0,0,1.2,1.2,0.0,8.8,88.0,1,Да
664203633,10.0,0.0,0,1.2,1.2,0.0,8.8,88.0,1,Да
664553851,10.0,0.0,0,1.2,1.2,0.0,8.8,88.0,1,Да
662581744,41500.0,16150.0,0,6883.0,23033.0,0.0,18467.0,44.5,1,Да
667138230,10.0,0.0,0,1.2,1.2,0.0,8.8,88.0,1,Да
667284606,10.0,0.0,0,1.2,1.2,0.0,8.8,88.0,1,Да
666945102,10.0,0.0,0,1.2,1.2,0.0,8.8,88.0,1,Да
664204408,10.0,0.0,0,1.2,1.2,0.0,8.8,88.0,1,Да
660200572,10.0,0.0,0,1.2,1.2,0.0,8.8,88.0,1,Да
667284551,10.0,0.0,0,1.2,1.2,0.0,8.8,88.0,1,Да
667135606,10.0,0.0,0,1.2,1.2,0.0,8.8,88.0,1,Да
667285638,10.0,0.0,0,1.2,1.2,0.0,8.8,88.0,1,Да
660202512,10.0,0.0,0,1.2,1.2,0.0,8.8,88.0,1,Да
662140763,81000.0,49551.0,0,11623.0,61174.0,0.0,19826.0,24.48,1,Да
667137440,10.0,0.0,0,1.2,1.2,0.0,8.8,88.0,1,Да
667076929,10.0,0.0,0,1.2,1.2,0.0,8.8,88.0,1,Да
667285512,10.0,0.0,0,1.2,1.2,0.0,8.8,88.0,1,Да
660203683,10.0,0.0,0,1.2,1.2,0.0,8.8,88.0,1,Да
660203696,10.0,0.0,0,1.2,1.2,0.0,8.8,88.0,1,Да
667286251,10.0,0.0,0,1.2,1.2,0.0,8.8,88.0,1,Да
667085112,10.0,0.0,0,1.2,1.2,0.0,8.8,88.0,1,Да
667282464,10.0,0.0,0,1.2,1.2,0.0,8.8,88.0,1,Да
666945479,10.0,0.0,0,1.2,1.2,0.0,8.8,88.0,1,Да
672625271,35100.0,20519.0,0,6115.0,26634.0,0.0,8466.0,24.12,1,Да
667282508,10.0,0.0,0,1.2,1.2,0.0,8.8,88.0,1,Да
672284301,120000.0,0.0,0,14400.0,14400.0,0.0,105600.0,88.0,1,Да
664588940,10.0,0.0,0,1.2,1.2,0.0,8.8,88.0,1,Да
671357120,106431.0,75643.0,0,12771.72,88414.72,0.0,18016.28,16.93,1,Да
666014262,10.0,0.0,0,1.2,1.2,0.0,8.8,88.0,1,Да
666014448,10.0,0.0,0,1.2,1.2,0.0,8.8,88.0,1,Да
664594468,10.0,0.0,0,1.2,1.2,0.0,8.8,88.0,1,Да
666015180,10.0,0.0,0,1.2,1.2,0.0,8.8,88.0,1,Да
664594509,10.0,0.0,0,1.2,1.2,0.0,8.8,88.0,1,Да
666945444,10.0,0.0,0,1.2,1.2,0.0,8.8,88.0,1,Да
666015317,10.0,0.0,0,1.2,1.2,0.0,8.8,88.0,1,Да
666015635,10.0,0.0,0,1.2,1.2,0.0,8.8,88.0,1,Да
664595330,10.0,0.0,0,1.2,1.2,0.0,8.8,88.0,1,Да
667629664,55000.0,24300.0,0,6600.0,30900.0,0.0,24100.0,43.82,1,Да
670175904,79000.0,48500.0,0,9480.0,57980.0,0.0,21020.0,26.61,1,Да
666015774,10.0,0.0,0,1.2,1.2,0.0,8.8,88.0,1,Да
670350824,50000.0,28700.0,0,7903.0,36603.0,0.0,13397.0,26.79,1,Да
670176656,52000.0,29301.0,0,6240.0,35541.0,0.0,16459.0,31.65,1,Да
666016058,10.0,0.0,0,1.2,1.2,0.0,8.8,88.0,1,Да
666016272,10.0,0.0,0,1.2,1.2,0.0,8.8,88.0,1,Да
666577359,10.0,0.0,0,1.2,1.2,0.0,8.8,88.0,1,Да
666945717,10.0,0.0,0,1.2,1.2,0.0,8.8,88.0,1,Да
666016299,10.0,0.0,0,1.2,1.2,0.0,8.8,88.0,1,Да
668038088,75000.0,48500.0,0,9000.0,57500.0,0.0,17500.0,23.33,1,Да
666574577,10.0,0.0,0,1.2,1.2,0.0,8.8,88.0,1,Да
668033937,10.0,0.0,0,1.2,1.2,0.0,8.8,88.0,1,Да
666016249,10.0,0.0,0,1.2,1.2,0.0,8.8,88.0,1,Да
668034681,10.0,0.0,0,1.2,1.2,0.0,8.8,88.0,1,Да
666575604,10.0,0.0,0,1.2,1.2,0.0,8.8,88.0,1,Да
666016355,10.0,0.0,0,1.2,1.2,0.0,8.8,88.0,1,Да
671758070,79000.0,48500.0,0,9480.0,57980.0,0.0,21020.0,26.61,1,Да
668039032,10.0,0.0,0,1.2,1.2,0.0,8.8,88.0,1,Да
666016400,10.0,0.0,0,1.2,1.2,0.0,8.8,88.0,1,Да
665579597,70200.0,41038.0,0,11783.0,52821.0,0.0,17379.0,24.76,1,Да
666018078,10.0,0.0,0,1.2,1.2,0.0,8.8,88.0,1,Да
666571815,10.0,0.0,0,1.2,1.2,0.0,8.8,88.0,1,Да
666945781,10.0,0.0,0,1.2,1.2,0.0,8.8,88.0,1,Да
666018213,10.0,0.0,0,1.2,1.2,0.0,8.8,88.0,1,Да
666806749,10.0,0.0,0,1.2,1.2,0.0,8.8,88.0,1,Да
668037311,10.0,0.0,0,1.2,1.2,0.0,8.8,88.0,1,Да
670119100,77000.0,47000.0,0,16519.0,63519.0,0.0,13481.0,17.51,1,Да
666018140,10.0,0.0,0,1.2,1.2,0.0,8.8,88.0,1,Да
666807820,10.0,0.0,0,1.2,1.2,0.0,8.8,88.0,1,Да
668038233,10.0,0.0,0,1.2,1.2,0.0,8.8,88.0,1,Да
666018455,10.0,0.0,0,1.2,1.2,0.0,8.8,88.0,1,Да
666807846,10.0,0.0,0,1.2,1.2,0.0,8.8,88.0,1,Да
666010742,10.0,0.0,0,1.2,1.2,0.0,8.8,88.0,1,Да
668039314,10.0,0.0,0,1.2,1.2,0.0,8.8,88.0,1,Да
666945822,10.0,0.0,0,1.2,1.2,0.0,8.8,88.0,1,Да
WB4022275150,471.47,30213.0,0,0.0,30213.0,0.0,-29741.53,-6308.26,1,Да
666808798,10.0,0.0,0,1.2,1.2,0.0,8.8,88.0,1,Да
672658669,79000.0,35820.0,0,9480.0,45300.0,0.0,33700.0,42.66,1,Да
666011864,10.0,0.0,0,1.2,1.2,0.0,8.8,88.0,1,Да
668039427,10.0,0.0,0,1.2,1.2,0.0,8.8,88.0,1,Да
666809437,10.0,0.0,0,1.2,1.2,0.0,8.8,88.0,1,Да
660184802,10.0,0.0,0,1.2,1.2,0.0,8.8,88.0,1,Да
666012407,10.0,0.0,0,1.2,1.2,0.0,8.8,88.0,1,Да
668033998,10.0,0.0,0,1.2,1.2,0.0,8.8,88.0,1,Да
666812201,10.0,0.0,0,1.2,1.2,0.0,8.8,88.0,1,Да
660188715,10.0,0.0,0,1.2,1.2,0.0,8.8,88.0,1,Да
666012456,10.0,0.0,0,1.2,1.2,0.0,8.8,88.0,1,Да
673714161,10.0,0.0,0,1.2,1.2,0.0,8.8,88.0,1,Да
668040137,10.0,0.0,0,1.2,1.2,0.0,8.8,88.0,1,Да
666012671,10.0,0.0,0,1.2,1.2,0.0,8.8,88.0,1,Да
666946181,10.0,0.0,0,1.2,1.2,0.0,8.8,88.0,1,Да
666807978,10.0,0.0,0,1.2,1.2,0.0,8.8,88.0,1,Да
666012693,10.0,0.0,0,1.2,1.2,0.0,8.8,88.0,1,Да
671709079,54900.0,30213.0,0,8491.0,38704.0,0.0,16196.0,29.5,1,Да
659916463,120000.0,50661.0,0,14400.0,65061.0,0.0,54939.0,45.78,1,Да
660187734,10.0,0.0,0,1.2,1.2,0.0,8.8,88.0,1,Да
666807929,10.0,0.0,0,1.2,1.2,0.0,8.8,88.0,1,Да
666012555,10.0,0.0,0,1.2,1.2,0.0,8.8,88.0,1,Да
673058104,79000.0,48500.0,0,9480.0,57980.0,0.0,21020.0,26.61,1,Да
666809615,10.0,0.0,0,1.2,1.2,0.0,8.8,88.0,1,Да
666012733,10.0,0.0,0,1.2,1.2,0.0,8.8,88.0,1,Да
666809618,10.0,0.0,0,1.2,1.2,0.0,8.8,88.0,1,Да
657975543,77000.0,47000.0,0,9240.0,56240.0,0.0,20760.0,26.96,1,Да
666012852,10.0,0.0,0,1.2,1.2,0.0,8.8,88.0,1,Да
666809742,10.0,0.0,0,1.2,1.2,0.0,8.8,88.0,1,Да
666013607,10.0,0.0,0,1.2,1.2,0.0,8.8,88.0,1,Да
666947274,10.0,0.0,0,1.2,1.2,0.0,8.8,88.0,1,Да
666814052,10.0,0.0,0,1.2,1.2,0.0,8.8,88.0,1,Да
666013776,10.0,0.0,0,1.2,1.2,0.0,8.8,88.0,1,Да
666811631,10.0,0.0,0,1.2,1.2,0.0,8.8,88.0,1,Да
664226212,10.0,0.0,0,1.2,1.2,0.0,8.8,88.0,1,Да
672554482,75000.0,48500.0,0,9000.0,57500.0,0.0,17500.0,23.33,1,Да
666811567,10.0,0.0,0,1.2,1.2,0.0,8.8,88.0,1,Да
673955707,77000.0,47000.0,0,16519.0,63519.0,0.0,13481.0,17.51,1,Да
664574892,10.0,0.0,0,1.2,1.2,0.0,8.8,88.0,1,Да
666812434,10.0,0.0,0,1.2,1.2,0.0,8.8,88.0,1,Да
658802003,120000.0,58602.0,0,14400.0,73002.0,0.0,46998.0,39.16,1,Да
666947126,10.0,0.0,0,1.2,1.2,0.0,8.8,88.0,1,Да
664574939,10.0,0.0,0,1.2,1.2,0.0,8.8,88.0,1,Да
671960027,54900.0,30213.0,0,8491.0,38704.0,0.0,16196.0,29.5,1,Да
666812437,10.0,0.0,0,1.2,1.2,0.0,8.8,88.0,1,Да
664576789,10.0,0.0,0,1.2,1.2,0.0,8.8,88.0,1,Да
666813209,10.0,0.0,0,1.2,1.2,0.0,8.8,88.0,1,Да
664577561,10.0,0.0,0,1.2,1.2,0.0,8.8,88.0,1,Да
664743890,120000.0,50661.0,0,14400.0,65061.0,0.0,54939.0,45.78,1,Да
658498140,41500.0,16150.0,0,6883.0,23033.0,0.0,18467.0,44.5,1,Да
664573945,10.0,0.0,0,1.2,1.2,0.0,8.8,88.0,1,Да
666947689,10.0,0.0,0,1.2,1.2,0.0,8.8,88.0,1,Да
673711654,20.0,0.0,0,2.4,2.4,0.0,17.6,88.0,1,Да
WB3993060857,5173.0,12101.0,0,0.0,12101.0,0.0,-6928.0,-133.93,1,Да
666947580,10.0,0.0,0,1.2,1.2,0.0,8.8,88.0,1,Да
668017969,10.0,0.0,0,1.2,1.2,0.0,8.8,88.0,1,Да
666949252,10.0,0.0,0,1.2,1.2,0.0,8.8,88.0,1,Да
668020462,10.0,0.0,0,1.2,1.2,0.0,8.8,88.0,1,Да
668021416,10.0,0.0,0,1.2,1.2,0.0,8.8,88.0,1,Да
666794845,10.0,0.0,0,1.2,1.2,0.0,8.8,88.0,1,Да
666949184,10.0,0.0,0,1.2,1.2,0.0,8.8,88.0,1,Да
666796439,10.0,0.0,0,1.2,1.2,0.0,8.8,88.0,1,Да
666799039,10.0,0.0,0,1.2,1.2,0.0,8.8,88.0,1,Да
668019807,10.0,0.0,0,1.2,1.2,0.0,8.8,88.0,1,Да
660175161,69000.0,35580.0,0,8280.0,43860.0,0.0,25140.0,36.43,1,Да
666798298,10.0,0.0,0,1.2,1.2,0.0,8.8,88.0,1,Да
666940918,10.0,0.0,0,1.2,1.2,0.0,8.8,88.0,1,Да
668111042,77000.0,47000.0,0,9240.0,56240.0,0.0,20760.0,26.96,1,Да
660177012,10.0,0.0,0,1.2,1.2,0.0,8.8,88.0,1,Да
668024311,10.0,0.0,0,1.2,1.2,0.0,8.8,88.0,1,Да
666798257,10.0,0.0,0,1.2,1.2,0.0,8.8,88.0,1,Да
669152456,63000.0,0.0,0,7560.0,7560.0,0.0,55440.0,88.0,1,Да
666800132,10.0,0.0,0,1.2,1.2,0.0,8.8,88.0,1,Да
668024350,10.0,0.0,0,1.2,1.2,0.0,8.8,88.0,1,Да
667524015,77000.0,47000.0,0,16519.0,63519.0,0.0,13481.0,17.51,1,Да
666735862,53000.0,29301.0,0,6360.0,35661.0,0.0,17339.0,32.72,1,Да
668020628,10.0,0.0,0,1.2,1.2,0.0,8.8,88.0,1,Да
WB4008446966,10351.0,28700.0,0,0.0,28700.0,0.0,-18349.0,-177.27,1,Да
668021611,10.0,0.0,0,1.2,1.2,0.0,8.8,88.0,1,Да
666942046,10.0,0.0,0,1.2,1.2,0.0,8.8,88.0,1,Да
668021500,10.0,0.0,0,1.2,1.2,0.0,8.8,88.0,1,Да
668022459,10.0,0.0,0,1.2,1.2,0.0,8.8,88.0,1,Да
663401888,10.0,0.0,0,1.2,1.2,0.0,8.8,88.0,1,Да
666594804,10.0,0.0,0,1.2,1.2,0.0,8.8,88.0,1,Да
668022526,10.0,0.0,0,1.2,1.2,0.0,8.8,88.0,1,Да
663408122,10.0,0.0,0,1.2,1.2,0.0,8.8,88.0,1,Да
664557983,10.0,0.0,0,1.2,1.2,0.0,8.8,88.0,1,Да
666597243,10.0,0.0,0,1.2,1.2,0.0,8.8,88.0,1,Да
666942780,10.0,0.0,0,1.2,1.2,0.0,8.8,88.0,1,Да
664558850,10.0,0.0,0,1.2,1.2,0.0,8.8,88.0,1,Да
673785617,61500.0,23650.0,0,11411.0,35061.0,0.0,26439.0,42.99,1,Да
663404520,10.0,0.0,0,1.2,1.2,0.0,8.8,88.0,1,Да
671777817,44900.0,23200.0,0,5388.0,28588.0,0.0,16312.0,36.33,1,Да
664558920,10.0,0.0,0,1.2,1.2,0.0,8.8,88.0,1,Да
673788042,77000.0,47000.0,0,16519.0,63519.0,0.0,13481.0,17.51,1,Да
663404591,10.0,0.0,0,1.2,1.2,0.0,8.8,88.0,1,Да
663405601,10.0,0.0,0,1.2,1.2,0.0,8.8,88.0,1,Да
664559719,10.0,0.0,0,1.2,1.2,0.0,8.8,88.0,1,Да
667595942,63000.0,34218.0,0,7560.0,41778.0,0.0,21222.0,33.69,1,Да
669089990,116000.0,58602.0,0,13920.0,72522.0,0.0,43478.0,37.48,1,Да
666942812,10.0,0.0,0,1.2,1.2,0.0,8.8,88.0,1,Да
672986433,81000.0,0.0,0,9720.0,9720.0,0.0,71280.0,88.0,1,Да
664560736,10.0,0.0,0,1.2,1.2,0.0,8.8,88.0,1,Да
674165943,140000.0,0.0,0,16800.0,16800.0,0.0,123200.0,88.0,1,Да
WB4012608514,10491.0,28700.0,0,0.0,28700.0,0.0,-18209.0,-173.57,1,Да
666833285,81000.0,49551.0,0,11623.0,61174.0,0.0,19826.0,24.48,1,Да
667140963,10.0,0.0,0,1.2,1.2,0.0,8.8,88.0,1,Да
664561773,10.0,0.0,0,1.2,1.2,0.0,8.8,88.0,1,Да
666544453,79000.0,48400.0,0,9480.0,57880.0,0.0,21120.0,26.73,1,Да
667141780,10.0,0.0,0,1.2,1.2,0.0,8.8,88.0,1,Да
666943705,10.0,0.0,0,1.2,1.2,0.0,8.8,88.0,1,Да
664565046,10.0,0.0,0,1.2,1.2,0.0,8.8,88.0,1,Да
667148164,10.0,0.0,0,1.2,1.2,0.0,8.8,88.0,1,Да
664565053,10.0,0.0,0,1.2,1.2,0.0,8.8,88.0,1,Да
664565128,10.0,0.0,0,1.2,1.2,0.0,8.8,88.0,1,Да
664568053,10.0,0.0,0,1.2,1.2,0.0,8.8,88.0,1,Да
664562880,10.0,0.0,0,1.2,1.2,0.0,8.8,88.0,1,Да
666919804,10.0,0.0,0,1.2,1.2,0.0,8.8,88.0,1,Да
669346002,140000.0,0.0,0,16800.0,16800.0,0.0,123200.0,88.0,1,Да
664563699,10.0,0.0,0,1.2,1.2,0.0,8.8,88.0,1,Да
670078838,140000.0,0.0,0,16800.0,16800.0,0.0,123200.0,88.0,1,Да
666779889,10.0,0.0,0,1.2,1.2,0.0,8.8,88.0,1,Да
663725235,120000.0,50661.0,0,14400.0,65061.0,0.0,54939.0,45.78,1,Да
666943782,10.0,0.0,0,1.2,1.2,0.0,8.8,88.0,1,Да
672941035,69000.0,35580.0,0,8280.0,43860.0,0.0,25140.0,36.43,1,Да
664563813,10.0,0.0,0,1.2,1.2,0.0,8.8,88.0,1,Да
666779994,10.0,0.0,0,1.2,1.2,0.0,8.8,88.0,1,Да
664686374,44900.0,23200.0,0,5388.0,28588.0,0.0,16312.0,36.33,1,Да
666920429,10.0,0.0,0,1.2,1.2,0.0,8.8,88.0,1,Да
667087892,10.0,0.0,0,1.2,1.2,0.0,8.8,88.0,1,Да
666781437,10.0,0.0,0,1.2,1.2,0.0,8.8,88.0,1,Да
667090638,10.0,0.0,0,1.2,1.2,0.0,8.8,88.0,1,Да
666921521,10.0,0.0,0,1.2,1.2,0.0,8.8,88.0,1,Да
666782382,10.0,0.0,0,1.2,1.2,0.0,8.8,88.0,1,Да
667095025,10.0,0.0,0,1.2,1.2,0.0,8.8,88.0,1,Да
674334033,140000.0,0.0,0,16800.0,16800.0,0.0,123200.0,88.0,1,Да
666786024,10.0,0.0,0,1.2,1.2,0.0,8.8,88.0,1,Да
666923273,10.0,0.0,0,1.2,1.2,0.0,8.8,88.0,1,Да
665696674,77000.0,47000.0,0,15511.0,62511.0,0.0,14489.0,18.82,1,Да
667090683,10.0,0.0,0,1.2,1.2,0.0,8.8,88.0,1,Да
666923248,10.0,0.0,0,1.2,1.2,0.0,8.8,88.0,1,Да
666943886,10.0,0.0,0,1.2,1.2,0.0,8.8,88.0,1,Да
644048225,120000.0,50661.0,0,14400.0,65061.0,0.0,54939.0,45.78,1,Да
665699957,10.0,0.0,0,1.2,1.2,0.0,8.8,88.0,1,Да
666786210,10.0,0.0,0,1.2,1.2,0.0,8.8,88.0,1,Да
666033998,61500.0,23650.0,0,11411.0,35061.0,0.0,26439.0,42.99,1,Да
665704173,10.0,0.0,0,1.2,1.2,0.0,8.8,88.0,1,Да
644140559,130000.0,68436.0,0,15600.0,84036.0,0.0,45964.0,35.36,1,Да
666787062,10.0,0.0,0,1.2,1.2,0.0,8.8,88.0,1,Да
WB4007263805,9838.0,28700.0,0,0.0,28700.0,0.0,-18862.0,-191.73,1,Да
667637638,53000.0,22467.0,0,6360.0,28827.0,0.0,24173.0,45.61,1,Да
668090393,61500.0,23650.0,0,11411.0,35061.0,0.0,26439.0,42.99,1,Да
665701641,10.0,0.0,0,1.2,1.2,0.0,8.8,88.0,1,Да
644399397,120000.0,50661.0,0,14400.0,65061.0,0.0,54939.0,45.78,1,Да
665703264,10.0,0.0,0,1.2,1.2,0.0,8.8,88.0,1,Да
644574539,69000.0,35580.0,0,12311.0,47891.0,0.0,21109.0,30.59,1,Да
666363484,41500.0,16150.0,0,4980.0,21130.0,0.0,20370.0,49.08,1,Да
665703193,10.0,0.0,0,1.2,1.2,0.0,8.8,88.0,1,Да
666954052,10.0,0.0,0,1.2,1.2,0.0,8.8,88.0,1,Да
667638736,10.0,0.0,0,1.2,1.2,0.0,8.8,88.0,1,Да
644510914,62000.0,0.0,0,9343.0,9343.0,0.0,52657.0,84.93,1,Да
665703143,10.0,0.0,0,1.2,1.2,0.0,8.8,88.0,1,Да
665703381,10.0,0.0,0,1.2,1.2,0.0,8.8,88.0,1,Да
644819189,65000.0,0.0,0,7800.0,7800.0,0.0,57200.0,88.0,1,Да
665703320,10.0,0.0,0,1.2,1.2,0.0,8.8,88.0,1,Да
645381405,61500.0,23650.0,0,9283.0,32933.0,0.0,28567.0,46.45,1,Да
668043446,10.0,0.0,0,1.2,1.2,0.0,8.8,88.0,1,Да
666954253,10.0,0.0,0,1.2,1.2,0.0,8.8,88.0,1,Да
658777050,10.0,0.0,0,1.2,1.2,0.0,8.8,88.0,1,Да
645656619,35000.0,22467.0,0,4200.0,26667.0,0.0,8333.0,23.81,1,Да
671917273,77000.0,47000.0,0,16519.0,63519.0,0.0,13481.0,17.51,1,Да
664544761,10.0,0.0,0,1.2,1.2,0.0,8.8,88.0,1,Да
664392735,110000.0,44934.0,0,13200.0,58134.0,0.0,51866.0,47.15,1,Да
667888580,79000.0,48500.0,0,9480.0,57980.0,0.0,21020.0,26.61,1,Да
645584936,79000.0,48400.0,0,9480.0,57880.0,0.0,21120.0,26.73,1,Да
664545647,10.0,0.0,0,1.2,1.2,0.0,8.8,88.0,1,Да
667893086,115000.0,50661.0,0,13800.0,64461.0,0.0,50539.0,43.95,1,Да
664546689,10.0,0.0,0,1.2,1.2,0.0,8.8,88.0,1,Да
666955448,10.0,0.0,0,1.2,1.2,0.0,8.8,88.0,1,Да
645798273,79000.0,35820.0,0,16759.0,52579.0,0.0,26421.0,33.44,1,Да
663387805,10.0,0.0,0,1.2,1.2,0.0,8.8,88.0,1,Да
664546784,10.0,0.0,0,1.2,1.2,0.0,8.8,88.0,1,Да
666814864,10.0,0.0,0,1.2,1.2,0.0,8.8,88.0,1,Да
660192827,10.0,0.0,0,1.2,1.2,0.0,8.8,88.0,1,Да
645766841,65000.0,34218.0,0,7800.0,42018.0,0.0,22982.0,35.36,1,Да
672832715,61500.0,23650.0,0,11411.0,35061.0,0.0,26439.0,42.99,1,Да
664551021,10.0,0.0,0,1.2,1.2,0.0,8.8,88.0,1,Да
666816727,10.0,0.0,0,1.2,1.2,0.0,8.8,88.0,1,Да
645805288,120000.0,50661.0,0,14400.0,65061.0,0.0,54939.0,45.78,1,Да
660192859,10.0,0.0,0,1.2,1.2,0.0,8.8,88.0,1,Да
664545940,10.0,0.0,0,1.2,1.2,0.0,8.8,88.0,1,Да
666955933,10.0,0.0,0,1.2,1.2,0.0,8.8,88.0,1,Да
666819469,10.0,0.0,0,1.2,1.2,0.0,8.8,88.0,1,Да
645842809,79000.0,35820.0,0,16759.0,52579.0,0.0,26421.0,33.44,1,Да
660198443,10.0,0.0,0,1.2,1.2,0.0,8.8,88.0,1,Да
667125973,10.0,0.0,0,1.2,1.2,0.0,8.8,88.0,1,Да
664548605,10.0,0.0,0,1.2,1.2,0.0,8.8,88.0,1,Да
645932805,120000.0,50661.0,0,14400.0,65061.0,0.0,54939.0,45.78,1,Да
666819545,10.0,0.0,0,1.2,1.2,0.0,8.8,88.0,1,Да
664548657,10.0,0.0,0,1.2,1.2,0.0,8.8,88.0,1,Да
669329203,75000.0,47000.0,0,13031.0,60031.0,0.0,14969.0,19.96,1,Да
674309994,65000.0,34218.0,0,7800.0,42018.0,0.0,22982.0,35.36,1,Да
666820113,10.0,0.0,0,1.2,1.2,0.0,8.8,88.0,1,Да
645949456,79000.0,35820.0,0,16759.0,52579.0,0.0,26421.0,33.44,1,Да
660198632,10.0,0.0,0,1.2,1.2,0.0,8.8,88.0,1,Да
664551062,10.0,0.0,0,1.2,1.2,0.0,8.8,88.0,1,Да
669643349,79000.0,48500.0,0,9480.0,57980.0,0.0,21020.0,26.61,1,Да
664199355,10.0,0.0,0,1.2,1.2,0.0,8.8,88.0,1,Да
666956034,10.0,0.0,0,1.2,1.2,0.0,8.8,88.0,1,Да
664552093,10.0,0.0,0,1.2,1.2,0.0,8.8,88.0,1,Да
WB3990059972,6440.0,30213.0,0,0.0,30213.0,0.0,-23773.0,-369.15,1,Да
646028396,65000.0,34218.0,0,7800.0,42018.0,0.0,22982.0,35.36,1,Да
664199415,10.0,0.0,0,1.2,1.2,0.0,8.8,88.0,1,Да
660198666,10.0,0.0,0,1.2,1.2,0.0,8.8,88.0,1,Да
664552163,10.0,0.0,0,1.2,1.2,0.0,8.8,88.0,1,Да
660199480,10.0,0.0,0,1.2,1.2,0.0,8.8,88.0,1,Да
646221449,120000.0,0.0,0,14400.0,14400.0,0.0,105600.0,88.0,1,Да
664197595,77000.0,47000.0,0,16519.0,63519.0,0.0,13481.0,17.51,1,Да
666026138,140000.0,0.0,0,16800.0,16800.0,0.0,123200.0,88.0,1,Да
664199484,20.0,0.0,0,2.4,2.4,0.0,17.6,88.0,1,Да
646221668,120000.0,50661.0,0,18431.0,69092.0,0.0,50908.0,42.42,1,Да
672776259,104000.0,44934.0,0,12480.0,57414.0,0.0,46586.0,44.79,1,Да
646108311,55000.0,29301.0,0,6600.0,35901.0,0.0,19099.0,34.73,1,Да
666956412,10.0,0.0,0,1.2,1.2,0.0,8.8,88.0,1,Да
673537556,41500.0,16150.0,0,4980.0,21130.0,0.0,20370.0,49.08,1,Да
672282735,106431.0,75643.0,0,12771.72,88414.72,0.0,18016.28,16.93,1,Да
646187425,62000.0,0.0,0,7440.0,7440.0,0.0,54560.0,88.0,1,Да
668040753,10.0,0.0,0,1.2,1.2,0.0,8.8,88.0,1,Да
673008544,77000.0,47000.0,0,9240.0,56240.0,0.0,20760.0,26.96,1,Да
646146362,120000.0,50661.0,0,14400.0,65061.0,0.0,54939.0,45.78,1,Да
666956459,10.0,0.0,0,1.2,1.2,0.0,8.8,88.0,1,Да
646329823,79000.0,35820.0,0,16759.0,52579.0,0.0,26421.0,33.44,1,Да
665478986,10.0,0.0,0,1.2,1.2,0.0,8.8,88.0,1,Да
665492374,10.0,0.0,0,1.2,1.2,0.0,8.8,88.0,1,Да
646469046,120000.0,50661.0,0,14400.0,65061.0,0.0,54939.0,45.78,1,Да
666565840,10.0,0.0,0,1.2,1.2,0.0,8.8,88.0,1,Да
666957718,10.0,0.0,0,1.2,1.2,0.0,8.8,88.0,1,Да
646625068,120000.0,50661.0,0,14400.0,65061.0,0.0,54939.0,45.78,1,Да
662384059,55000.0,29301.0,0,6600.0,35901.0,0.0,19099.0,34.73,1,Да
646626969,79000.0,48500.0,0,16759.0,65259.0,0.0,13741.0,17.39,1,Да
668316414,35100.0,20519.0,0,6115.0,26634.0,0.0,8466.0,24.12,1,Да
646621302,120000.0,50661.0,0,14400.0,65061.0,0.0,54939.0,45.78,1,Да
666958058,10.0,0.0,0,1.2,1.2,0.0,8.8,88.0,1,Да
673610943,79000.0,48400.0,0,9480.0,57880.0,0.0,21120.0,26.73,1,Да
646584081,65000.0,34218.0,0,7800.0,42018.0,0.0,22982.0,35.36,1,Да
668027769,10.0,0.0,0,1.2,1.2,0.0,8.8,88.0,1,Да
661516569,60000.0,29301.0,0,7200.0,36501.0,0.0,23499.0,39.16,1,Да
668028542,10.0,0.0,0,1.2,1.2,0.0,8.8,88.0,1,Да
665377755,120000.0,50661.0,0,14400.0,65061.0,0.0,54939.0,45.78,1,Да
668031247,10.0,0.0,0,1.2,1.2,0.0,8.8,88.0,1,Да
646750086,120000.0,50661.0,0,14400.0,65061.0,0.0,54939.0,45.78,1,Да
662617469,79000.0,48400.0,0,9480.0,57880.0,0.0,21120.0,26.73,1,Да
662775237,65000.0,34218.0,0,7800.0,42018.0,0.0,22982.0,35.36,1,Да
666958420,10.0,0.0,0,1.2,1.2,0.0,8.8,88.0,1,Да
658445587,120000.0,50661.0,0,14400.0,65061.0,0.0,54939.0,45.78,1,Да
668028629,10.0,0.0,0,1.2,1.2,0.0,8.8,88.0,1,Да
666802782,10.0,0.0,0,1.2,1.2,0.0,8.8,88.0,1,Да
660968888,10.0,0.0,0,1.2,1.2,0.0,8.8,88.0,1,Да
668030595,10.0,0.0,0,1.2,1.2,0.0,8.8,88.0,1,Да
666803742,10.0,0.0,0,1.2,1.2,0.0,8.8,88.0,1,Да
646809682,55000.0,29301.0,0,6600.0,35901.0,0.0,19099.0,34.73,1,Да
668638877,35100.0,20519.0,0,6115.0,26634.0,0.0,8466.0,24.12,1,Да
668030542,10.0,0.0,0,1.2,1.2,0.0,8.8,88.0,1,Да
666959764,10.0,0.0,0,1.2,1.2,0.0,8.8,88.0,1,Да
660971465,10.0,0.0,0,1.2,1.2,0.0,8.8,88.0,1,Да
666806333,10.0,0.0,0,1.2,1.2,0.0,8.8,88.0,1,Да
667258708,10.0,0.0,0,1.2,1.2,0.0,8.8,88.0,1,Да
658980162,65000.0,34218.0,0,7800.0,42018.0,0.0,22982.0,35.36,1,Да
660973106,10.0,0.0,0,1.2,1.2,0.0,8.8,88.0,1,Да
666807123,10.0,0.0,0,1.2,1.2,0.0,8.8,88.0,1,Да
667259697,10.0,0.0,0,1.2,1.2,0.0,8.8,88.0,1,Да
667264005,10.0,0.0,0,1.2,1.2,0.0,8.8,88.0,1,Да
646885569,65000.0,34218.0,0,7800.0,42018.0,0.0,22982.0,35.36,1,Да
673567164,44900.0,23200.0,0,5388.0,28588.0,0.0,16312.0,36.33,1,Да
673707013,79000.0,48500.0,0,9480.0,57980.0,0.0,21020.0,26.61,1,Да
666950413,10.0,0.0,0,1.2,1.2,0.0,8.8,88.0,1,Да
666804691,10.0,0.0,0,1.2,1.2,0.0,8.8,88.0,1,Да
660181849,10.0,0.0,0,1.2,1.2,0.0,8.8,88.0,1,Да
673705580,10.0,0.0,0,1.2,1.2,0.0,8.8,88.0,1,Да
659803649,120000.0,50661.0,0,14400.0,65061.0,0.0,54939.0,45.78,1,Да
667664337,57000.0,29301.0,0,6840.0,36141.0,0.0,20859.0,36.59,1,Да
660970748,10.0,0.0,0,1.2,1.2,0.0,8.8,88.0,1,Да
660182889,10.0,0.0,0,1.2,1.2,0.0,8.8,88.0,1,Да
673701922,10.0,0.0,0,1.2,1.2,0.0,8.8,88.0,1,Да
666062528,60000.0,29301.0,0,7200.0,36501.0,0.0,23499.0,39.16,1,Да
646891417,54900.0,30213.0,0,8491.0,38704.0,0.0,16196.0,29.5,1,Да
660967906,10.0,0.0,0,1.2,1.2,0.0,8.8,88.0,1,Да
670392550,79000.0,48500.0,0,9480.0,57980.0,0.0,21020.0,26.61,1,Да
646848846,69000.0,35580.0,0,12311.0,47891.0,0.0,21109.0,30.59,1,Да
666952602,10.0,0.0,0,1.2,1.2,0.0,8.8,88.0,1,Да
665524686,65000.0,0.0,0,7800.0,7800.0,0.0,57200.0,88.0,1,Да
646869673,54900.0,30213.0,0,6588.0,36801.0,0.0,18099.0,32.97,1,Да
666602538,115000.0,50661.0,0,13800.0,64461.0,0.0,50539.0,43.95,1,Да
646997291,130000.0,68436.0,0,15600.0,84036.0,0.0,45964.0,35.36,1,Да
664566891,10.0,0.0,0,1.2,1.2,0.0,8.8,88.0,1,Да
666953273,10.0,0.0,0,1.2,1.2,0.0,8.8,88.0,1,Да
647201384,69000.0,35580.0,0,8280.0,43860.0,0.0,25140.0,36.43,1,Да
647295983,79000.0,35820.0,0,16759.0,52579.0,0.0,26421.0,33.44,1,Да
664569777,10.0,0.0,0,1.2,1.2,0.0,8.8,88.0,1,Да
668997563,77000.0,47000.0,0,15511.0,62511.0,0.0,14489.0,18.82,1,Да
673523581,68000.0,0.0,0,10063.0,10063.0,0.0,57937.0,85.2,1,Да
647237277,120000.0,50661.0,0,14400.0,65061.0,0.0,54939.0,45.78,1,Да
666953232,10.0,0.0,0,1.2,1.2,0.0,8.8,88.0,1,Да
665951474,140000.0,0.0,0,16800.0,16800.0,0.0,123200.0,88.0,1,Да
664570664,10.0,0.0,0,1.2,1.2,0.0,8.8,88.0,1,Да
667257868,10.0,0.0,0,1.2,1.2,0.0,8.8,88.0,1,Да
663951771,120000.0,58602.0,0,14400.0,73002.0,0.0,46998.0,39.16,1,Да
667264193,10.0,0.0,0,1.2,1.2,0.0,8.8,88.0,1,Да
647163639,54900.0,30213.0,0,8491.0,38704.0,0.0,16196.0,29.5,1,Да
667264451,10.0,0.0,0,1.2,1.2,0.0,8.8,88.0,1,Да
647379134,69000.0,35580.0,0,12311.0,47891.0,0.0,21109.0,30.59,1,Да
667260959,10.0,0.0,0,1.2,1.2,0.0,8.8,88.0,1,Да
666953431,10.0,0.0,0,1.2,1.2,0.0,8.8,88.0,1,Да
667262690,10.0,0.0,0,1.2,1.2,0.0,8.8,88.0,1,Да
647345434,79000.0,48400.0,0,9480.0,57880.0,0.0,21120.0,26.73,1,Да
668012923,10.0,0.0,0,1.2,1.2,0.0,8.8,88.0,1,Да
667263232,10.0,0.0,0,1.2,1.2,0.0,8.8,88.0,1,Да
674055065,79000.0,48400.0,0,9480.0,57880.0,0.0,21120.0,26.73,1,Да
647366619,120000.0,50661.0,0,14400.0,65061.0,0.0,54939.0,45.78,1,Да
667263354,10.0,0.0,0,1.2,1.2,0.0,8.8,88.0,1,Да
669351250,69000.0,35580.0,0,8280.0,43860.0,0.0,25140.0,36.43,1,Да
666953615,10.0,0.0,0,1.2,1.2,0.0,8.8,88.0,1,Да
647438760,70000.0,44934.0,0,8400.0,53334.0,0.0,16666.0,23.81,1,Да
667263400,10.0,0.0,0,1.2,1.2,0.0,8.8,88.0,1,Да
647673547,79000.0,48500.0,0,9480.0,57980.0,0.0,21020.0,26.61,1,Да
670767889,54900.0,28700.0,0,6588.0,35288.0,0.0,19612.0,35.72,1,Да
666787905,10.0,0.0,0,1.2,1.2,0.0,8.8,88.0,1,Да
666922971,10.0,0.0,0,1.2,1.2,0.0,8.8,88.0,1,Да
660953918,10.0,0.0,0,1.2,1.2,0.0,8.8,88.0,1,Да
666791294,10.0,0.0,0,1.2,1.2,0.0,8.8,88.0,1,Да
647668157,54900.0,30213.0,0,8491.0,38704.0,0.0,16196.0,29.5,1,Да
669513091,54900.0,30213.0,0,6588.0,36801.0,0.0,18099.0,32.97,1,Да
666964593,10.0,0.0,0,1.2,1.2,0.0,8.8,88.0,1,Да
WB4010488089,4797.0,12101.0,0,0.0,12101.0,0.0,-7304.0,-152.26,1,Да
667098557,10.0,0.0,0,1.2,1.2,0.0,8.8,88.0,1,Да
666923890,10.0,0.0,0,1.2,1.2,0.0,8.8,88.0,1,Да
647660550,54900.0,30213.0,0,8491.0,38704.0,0.0,16196.0,29.5,1,Да
WB4002141329,4814.0,12101.0,0,0.0,12101.0,0.0,-7287.0,-151.37,1,Да
666789552,10.0,0.0,0,1.2,1.2,0.0,8.8,88.0,1,Да
667100146,10.0,0.0,0,1.2,1.2,0.0,8.8,88.0,1,Да
666923910,10.0,0.0,0,1.2,1.2,0.0,8.8,88.0,1,Да
665885420,44900.0,23200.0,0,5388.0,28588.0,0.0,16312.0,36.33,1,Да
666791395,10.0,0.0,0,1.2,1.2,0.0,8.8,88.0,1,Да
667096891,10.0,0.0,0,1.2,1.2,0.0,8.8,88.0,1,Да
658826815,120000.0,50661.0,0,14400.0,65061.0,0.0,54939.0,45.78,1,Да
666923951,10.0,0.0,0,1.2,1.2,0.0,8.8,88.0,1,Да
647662083,120000.0,50661.0,0,14400.0,65061.0,0.0,54939.0,45.78,1,Да
666791441,10.0,0.0,0,1.2,1.2,0.0,8.8,88.0,1,Да
660956574,10.0,0.0,0,1.2,1.2,0.0,8.8,88.0,1,Да
660172093,10.0,0.0,0,1.2,1.2,0.0,8.8,88.0,1,Да
667097718,10.0,0.0,0,1.2,1.2,0.0,8.8,88.0,1,Да
666923979,10.0,0.0,0,1.2,1.2,0.0,8.8,88.0,1,Да
668242440,41500.0,16150.0,0,6659.0,22809.0,0.0,18691.0,45.04,1,Да
660960099,10.0,0.0,0,1.2,1.2,0.0,8.8,88.0,1,Да
666964769,10.0,0.0,0,1.2,1.2,0.0,8.8,88.0,1,Да
673841373,44900.0,23200.0,0,5388.0,28588.0,0.0,16312.0,36.33,1,Да
647568097,265000.0,0.0,0,31800.0,31800.0,0.0,233200.0,88.0,1,Да
667098792,10.0,0.0,0,1.2,1.2,0.0,8.8,88.0,1,Да
660172253,10.0,0.0,0,1.2,1.2,0.0,8.8,88.0,1,Да
666924790,10.0,0.0,0,1.2,1.2,0.0,8.8,88.0,1,Да
667102084,10.0,0.0,0,1.2,1.2,0.0,8.8,88.0,1,Да
664691875,69000.0,35580.0,0,8280.0,43860.0,0.0,25140.0,36.43,1,Да
647830713,79000.0,48500.0,0,9480.0,57980.0,0.0,21020.0,26.61,1,Да
668978617,130000.0,68436.0,0,15600.0,84036.0,0.0,45964.0,35.36,1,Да
666924847,10.0,0.0,0,1.2,1.2,0.0,8.8,88.0,1,Да
671523983,79000.0,48500.0,0,9480.0,57980.0,0.0,21020.0,26.61,1,Да
647983102,79000.0,48500.0,0,9480.0,57980.0,0.0,21020.0,26.61,1,Да
666926776,10.0,0.0,0,1.2,1.2,0.0,8.8,88.0,1,Да
672746158,54900.0,30213.0,0,8491.0,38704.0,0.0,16196.0,29.5,1,Да
670203100,52000.0,29301.0,0,6240.0,35541.0,0.0,16459.0,31.65,1,Да
666927371,10.0,0.0,0,1.2,1.2,0.0,8.8,88.0,1,Да
647949333,69000.0,35580.0,0,8280.0,43860.0,0.0,25140.0,36.43,1,Да
666873836,10.0,0.0,0,1.2,1.2,0.0,8.8,88.0,1,Да
666928527,10.0,0.0,0,1.2,1.2,0.0,8.8,88.0,1,Да
647941297,79000.0,35820.0,0,16759.0,52579.0,0.0,26421.0,33.44,1,Да
667955746,115000.0,50661.0,0,13800.0,64461.0,0.0,50539.0,43.95,1,Да
663395628,10.0,0.0,0,1.2,1.2,0.0,8.8,88.0,1,Да
666929394,10.0,0.0,0,1.2,1.2,0.0,8.8,88.0,1,Да
667963094,77000.0,47000.0,0,16519.0,63519.0,0.0,13481.0,17.51,1,Да
674086296,69000.0,35580.0,0,8280.0,43860.0,0.0,25140.0,36.43,1,Да
663397582,10.0,0.0,0,1.2,1.2,0.0,8.8,88.0,1,Да
666587842,10.0,0.0,0,1.2,1.2,0.0,8.8,88.0,1,Да
666930243,10.0,0.0,0,1.2,1.2,0.0,8.8,88.0,1,Да
673635083,69000.0,35580.0,0,8280.0,43860.0,0.0,25140.0,36.43,1,Да
648110626,79000.0,48500.0,0,9480.0,57980.0,0.0,21020.0,26.61,1,Да
668922019,54900.0,30213.0,0,6588.0,36801.0,0.0,18099.0,32.97,1,Да
666592392,10.0,0.0,0,1.2,1.2,0.0,8.8,88.0,1,Да
663395688,10.0,0.0,0,1.2,1.2,0.0,8.8,88.0,1,Да
673638141,10.0,30213.0,0,1.2,30214.2,0.0,-30204.2,-302042.0,1,Да
663395791,10.0,0.0,0,1.2,1.2,0.0,8.8,88.0,1,Да
666965449,10.0,0.0,0,1.2,1.2,0.0,8.8,88.0,1,Да
648373211,120000.0,50661.0,0,14400.0,65061.0,0.0,54939.0,45.78,1,Да
666587926,10.0,0.0,0,1.2,1.2,0.0,8.8,88.0,1,Да
663395894,10.0,0.0,0,1.2,1.2,0.0,8.8,88.0,1,Да
673634959,10.0,30213.0,0,1.2,30214.2,0.0,-30204.2,-302042.0,1,Да
666594206,10.0,0.0,0,1.2,1.2,0.0,8.8,88.0,1,Да
648326011,195000.0,0.0,0,30679.0,30679.0,0.0,164321.0,84.27,1,Да
664553962,10.0,0.0,0,1.2,1.2,0.0,8.8,88.0,1,Да
663396849,10.0,0.0,0,1.2,1.2,0.0,8.8,88.0,1,Да
665451837,79000.0,48500.0,0,9480.0,57980.0,0.0,21020.0,26.61,1,Да
671470129,115000.0,50661.0,0,13800.0,64461.0,0.0,50539.0,43.95,1,Да
666593432,10.0,0.0,0,1.2,1.2,0.0,8.8,88.0,1,Да
664555818,10.0,0.0,0,1.2,1.2,0.0,8.8,88.0,1,Да
666821846,10.0,0.0,0,1.2,1.2,0.0,8.8,88.0,1,Да
661540875,65000.0,0.0,0,7800.0,7800.0,0.0,57200.0,88.0,1,Да
648365768,79000.0,35820.0,0,9480.0,45300.0,0.0,33700.0,42.66,1,Да
664559065,10.0,0.0,0,1.2,1.2,0.0,8.8,88.0,1,Да
666821899,10.0,0.0,0,1.2,1.2,0.0,8.8,88.0,1,Да
665705849,10.0,0.0,0,1.2,1.2,0.0,8.8,88.0,1,Да
648469719,120000.0,50661.0,0,14400.0,65061.0,0.0,54939.0,45.78,1,Да
664560028,10.0,0.0,0,1.2,1.2,0.0,8.8,88.0,1,Да
666822793,10.0,0.0,0,1.2,1.2,0.0,8.8,88.0,1,Да
667282778,10.0,0.0,0,1.2,1.2,0.0,8.8,88.0,1,Да
659285826,168235.0,0.0,0,20188.2,20188.2,0.0,148046.8,88.0,1,Да
667137507,10.0,0.0,0,1.2,1.2,0.0,8.8,88.0,1,Да
667284718,10.0,0.0,0,1.2,1.2,0.0,8.8,88.0,1,Да
666825395,10.0,0.0,0,1.2,1.2,0.0,8.8,88.0,1,Да
665495409,140000.0,0.0,0,16800.0,16800.0,0.0,123200.0,88.0,1,Да
665707691,10.0,0.0,0,1.2,1.2,0.0,8.8,88.0,1,Да
648596881,243500.0,0.0,0,29220.0,29220.0,0.0,214280.0,88.0,1,Да
660200707,10.0,0.0,0,1.2,1.2,0.0,8.8,88.0,1,Да
667138481,10.0,0.0,0,1.2,1.2,0.0,8.8,88.0,1,Да
667288050,10.0,0.0,0,1.2,1.2,0.0,8.8,88.0,1,Да
666825520,10.0,0.0,0,1.2,1.2,0.0,8.8,88.0,1,Да
665708779,10.0,0.0,0,1.2,1.2,0.0,8.8,88.0,1,Да
672681962,79000.0,48400.0,0,9480.0,57880.0,0.0,21120.0,26.73,1,Да
667139434,10.0,0.0,0,1.2,1.2,0.0,8.8,88.0,1,Да
666966287,10.0,0.0,0,1.2,1.2,0.0,8.8,88.0,1,Да
660201793,10.0,0.0,0,1.2,1.2,0.0,8.8,88.0,1,Да
648779427,79000.0,48500.0,0,9480.0,57980.0,0.0,21020.0,26.61,1,Да
667284824,10.0,0.0,0,1.2,1.2,0.0,8.8,88.0,1,Да
667140254,10.0,0.0,0,1.2,1.2,0.0,8.8,88.0,1,Да
666828222,10.0,0.0,0,1.2,1.2,0.0,8.8,88.0,1,Да
660206460,10.0,0.0,0,1.2,1.2,0.0,8.8,88.0,1,Да
673729163,77000.0,48400.0,0,9240.0,57640.0,0.0,19360.0,25.14,1,Да
667135802,10.0,0.0,0,1.2,1.2,0.0,8.8,88.0,1,Да
672038677,69000.0,35580.0,0,8280.0,43860.0,0.0,25140.0,36.43,1,Да
648735896,54900.0,30213.0,0,8491.0,38704.0,0.0,16196.0,29.5,1,Да
662441320,130000.0,68436.0,0,15600.0,84036.0,0.0,45964.0,35.36,1,Да
660204613,10.0,0.0,0,1.2,1.2,0.0,8.8,88.0,1,Да
667138559,10.0,0.0,0,1.2,1.2,0.0,8.8,88.0,1,Да
671403967,10.0,0.0,0,1.2,1.2,0.0,8.8,88.0,1,Да
649037372,42000.0,30213.0,0,5040.0,35253.0,0.0,6747.0,16.06,1,Да
660203793,10.0,0.0,0,1.2,1.2,0.0,8.8,88.0,1,Да
667139660,10.0,0.0,0,1.2,1.2,0.0,8.8,88.0,1,Да
666967008,10.0,0.0,0,1.2,1.2,0.0,8.8,88.0,1,Да
660938583,110000.0,44934.0,0,13200.0,58134.0,0.0,51866.0,47.15,1,Да
667140302,10.0,0.0,0,1.2,1.2,0.0,8.8,88.0,1,Да
649382174,81000.0,0.0,0,11623.0,11623.0,0.0,69377.0,85.65,1,Да
649322626,55000.0,29301.0,0,6600.0,35901.0,0.0,19099.0,34.73,1,Да
666627577,63000.0,34218.0,0,7560.0,41778.0,0.0,21222.0,33.69,1,Да
667080915,10.0,0.0,0,1.2,1.2,0.0,8.8,88.0,1,Да
664590750,10.0,0.0,0,1.2,1.2,0.0,8.8,88.0,1,Да
666967328,10.0,0.0,0,1.2,1.2,0.0,8.8,88.0,1,Да
649342507,55000.0,29301.0,0,6600.0,35901.0,0.0,19099.0,34.73,1,Да
667081940,10.0,0.0,0,1.2,1.2,0.0,8.8,88.0,1,Да
649482561,55000.0,29301.0,0,6600.0,35901.0,0.0,19099.0,34.73,1,Да
667082784,10.0,0.0,0,1.2,1.2,0.0,8.8,88.0,1,Да
649482562,55000.0,0.0,0,6600.0,6600.0,0.0,48400.0,88.0,1,Да
667086103,10.0,0.0,0,1.2,1.2,0.0,8.8,88.0,1,Да
672145517,35100.0,20519.0,0,6115.0,26634.0,0.0,8466.0,24.12,1,Да
667084469,10.0,0.0,0,1.2,1.2,0.0,8.8,88.0,1,Да
649631835,130000.0,0.0,0,15600.0,15600.0,0.0,114400.0,88.0,1,Да
642764825,79000.0,48500.0,0,9480.0,57980.0,0.0,21020.0,26.61,1,Да
666967419,10.0,0.0,0,1.2,1.2,0.0,8.8,88.0,1,Да
667634348,63000.0,34218.0,0,7560.0,41778.0,0.0,21222.0,33.69,1,Да
659247280,10.0,59613.0,0,1.2,59614.2,0.0,-59604.2,-596042.0,1,Да
667088048,10.0,0.0,0,1.2,1.2,0.0,8.8,88.0,1,Да
667088106,10.0,0.0,0,1.2,1.2,0.0,8.8,88.0,1,Да
666574708,10.0,0.0,0,1.2,1.2,0.0,8.8,88.0,1,Да
666968137,10.0,0.0,0,1.2,1.2,0.0,8.8,88.0,1,Да
666578340,10.0,0.0,0,1.2,1.2,0.0,8.8,88.0,1,Да
666579217,10.0,0.0,0,1.2,1.2,0.0,8.8,88.0,1,Да
666266870,140000.0,0.0,0,16800.0,16800.0,0.0,123200.0,88.0,1,Да
666577801,10.0,0.0,0,1.2,1.2,0.0,8.8,88.0,1,Да
659261308,20.0,58169.0,0,2.4,58171.4,0.0,-58151.4,-290757.0,1,Да
674208211,130000.0,0.0,0,15600.0,15600.0,0.0,114400.0,88.0,1,Да
668036678,10.0,0.0,0,1.2,1.2,0.0,8.8,88.0,1,Да
666968340,10.0,0.0,0,1.2,1.2,0.0,8.8,88.0,1,Да
668036733,10.0,0.0,0,1.2,1.2,0.0,8.8,88.0,1,Да
668038457,10.0,0.0,0,1.2,1.2,0.0,8.8,88.0,1,Да
664643217,69000.0,35580.0,0,8280.0,43860.0,0.0,25140.0,36.43,1,Да
668039321,110000.0,50661.0,0,17231.0,67892.0,0.0,42108.0,38.28,1,Да
668040287,10.0,0.0,0,1.2,1.2,0.0,8.8,88.0,1,Да
673670781,61500.0,23650.0,0,11411.0,35061.0,0.0,26439.0,42.99,1,Да
659544547,79000.0,35820.0,0,9480.0,45300.0,0.0,33700.0,42.66,1,Да
666968625,10.0,0.0,0,1.2,1.2,0.0,8.8,88.0,1,Да
668040242,10.0,0.0,0,1.2,1.2,0.0,8.8,88.0,1,Да
660185996,10.0,0.0,0,1.2,1.2,0.0,8.8,88.0,1,Да
666809807,10.0,0.0,0,1.2,1.2,0.0,8.8,88.0,1,Да
660186932,10.0,0.0,0,1.2,1.2,0.0,8.8,88.0,1,Да
666968514,10.0,0.0,0,1.2,1.2,0.0,8.8,88.0,1,Да
666816236,10.0,0.0,0,1.2,1.2,0.0,8.8,88.0,1,Да
660193030,10.0,0.0,0,1.2,1.2,0.0,8.8,88.0,1,Да
666810760,10.0,0.0,0,1.2,1.2,0.0,8.8,88.0,1,Да
665995893,10.0,0.0,0,1.2,1.2,0.0,8.8,88.0,1,Да
666811974,10.0,0.0,0,1.2,1.2,0.0,8.8,88.0,1,Да
660191695,10.0,0.0,0,1.2,1.2,0.0,8.8,88.0,1,Да
665996800,10.0,0.0,0,1.2,1.2,0.0,8.8,88.0,1,Да
666812647,10.0,0.0,0,1.2,1.2,0.0,8.8,88.0,1,Да
660191795,10.0,0.0,0,1.2,1.2,0.0,8.8,88.0,1,Да
666968569,10.0,0.0,0,1.2,1.2,0.0,8.8,88.0,1,Да
665998798,10.0,0.0,0,1.2,1.2,0.0,8.8,88.0,1,Да
666812662,10.0,0.0,0,1.2,1.2,0.0,8.8,88.0,1,Да
671254050,53000.0,29301.0,0,6360.0,35661.0,0.0,17339.0,32.72,1,Да
665999809,77000.0,47000.0,0,9240.0,56240.0,0.0,20760.0,26.96,1,Да
WB4018926450,29810.0,12101.0,0,0.0,12101.0,0.0,17709.0,59.41,1,Да
644926020,65000.0,34218.0,0,7800.0,42018.0,0.0,22982.0,35.36,1,Да
666813329,10.0,0.0,0,1.2,1.2,0.0,8.8,88.0,1,Да
673570741,79000.0,48400.0,0,9480.0,57880.0,0.0,21120.0,26.73,1,Да
663866985,35100.0,20519.0,0,5891.0,26410.0,0.0,8690.0,24.76,1,Да
666001571,10.0,0.0,0,1.2,1.2,0.0,8.8,88.0,1,Да
666813355,10.0,0.0,0,1.2,1.2,0.0,8.8,88.0,1,Да
664197001,10.0,0.0,0,1.2,1.2,0.0,8.8,88.0,1,Да
642638767,79000.0,48500.0,0,9480.0,57980.0,0.0,21020.0,26.61,1,Да
643300244,79000.0,48500.0,0,9480.0,57980.0,0.0,21020.0,26.61,1,Да
642089744,120000.0,50661.0,0,14400.0,65061.0,0.0,54939.0,45.78,1,Да
666609824,115000.0,50661.0,0,13800.0,64461.0,0.0,50539.0,43.95,1,Да
666968789,10.0,0.0,0,1.2,1.2,0.0,8.8,88.0,1,Да
646750441,79000.0,48500.0,0,9480.0,57980.0,0.0,21020.0,26.61,1,Да
642222993,120000.0,50661.0,0,14400.0,65061.0,0.0,54939.0,45.78,1,Да
660749136,79000.0,48500.0,0,9480.0,57980.0,0.0,21020.0,26.61,1,Да
666968721,10.0,0.0,0,1.2,1.2,0.0,8.8,88.0,1,Да
669106755,55000.0,0.0,0,6600.0,6600.0,0.0,48400.0,88.0,1,Да
669106756,55000.0,29301.0,0,6600.0,35901.0,0.0,19099.0,34.73,1,Да
642322175,120000.0,50661.0,0,14400.0,65061.0,0.0,54939.0,45.78,1,Да
661176888,79000.0,0.0,0,9480.0,9480.0,0.0,69520.0,88.0,1,Да
666968848,10.0,0.0,0,1.2,1.2,0.0,8.8,88.0,1,Да
661923119,75000.0,47000.0,0,13031.0,60031.0,0.0,14969.0,19.96,1,Да
667251265,10.0,0.0,0,1.2,1.2,0.0,8.8,88.0,1,Да
664579685,10.0,0.0,0,1.2,1.2,0.0,8.8,88.0,1,Да
672709994,140000.0,0.0,0,16800.0,16800.0,0.0,123200.0,88.0,1,Да
642474607,120000.0,50661.0,0,14400.0,65061.0,0.0,54939.0,45.78,1,Да
667252267,10.0,0.0,0,1.2,1.2,0.0,8.8,88.0,1,Да
664579792,10.0,0.0,0,1.2,1.2,0.0,8.8,88.0,1,Да
662071506,10.0,0.0,0,1.2,1.2,0.0,8.8,88.0,1,Да
667160690,79000.0,48500.0,0,9480.0,57980.0,0.0,21020.0,26.61,1,Да
664581193,10.0,0.0,0,1.2,1.2,0.0,8.8,88.0,1,Да
662072076,77000.0,47000.0,0,16519.0,63519.0,0.0,13481.0,17.51,1,Да
642472551,79000.0,48500.0,0,13511.0,62011.0,0.0,16989.0,21.51,1,Да
666968932,10.0,0.0,0,1.2,1.2,0.0,8.8,88.0,1,Да
664582080,10.0,0.0,0,1.2,1.2,0.0,8.8,88.0,1,Да
658886452,10.0,0.0,0,1.2,1.2,0.0,8.8,88.0,1,Да
642576262,79000.0,48500.0,0,13511.0,62011.0,0.0,16989.0,21.51,1,Да
671434959,10.0,0.0,0,1.2,1.2,0.0,8.8,88.0,1,Да
642881740,79000.0,48500.0,0,13511.0,62011.0,0.0,16989.0,21.51,1,Да
673607026,120000.0,50661.0,0,14400.0,65061.0,0.0,54939.0,45.78,1,Да
667712079,60000.0,0.0,0,7200.0,7200.0,0.0,52800.0,88.0,1,Да
668020780,10.0,0.0,0,1.2,1.2,0.0,8.8,88.0,1,Да
671440192,10.0,0.0,0,1.2,1.2,0.0,8.8,88.0,1,Да
656804502,41500.0,16150.0,0,4980.0,21130.0,0.0,20370.0,49.08,1,Да
666969717,10.0,0.0,0,1.2,1.2,0.0,8.8,88.0,1,Да
643243038,79000.0,35820.0,0,16759.0,52579.0,0.0,26421.0,33.44,1,Да
668025205,10.0,0.0,0,1.2,1.2,0.0,8.8,88.0,1,Да
666796814,10.0,0.0,0,1.2,1.2,0.0,8.8,88.0,1,Да
663911637,35100.0,20519.0,0,4212.0,24731.0,0.0,10369.0,29.54,1,Да
668026038,10.0,0.0,0,1.2,1.2,0.0,8.8,88.0,1,Да
660965331,10.0,0.0,0,1.2,1.2,0.0,8.8,88.0,1,Да
643100586,54900.0,30213.0,0,8491.0,38704.0,0.0,16196.0,29.5,1,Да
665053305,120000.0,58602.0,0,14400.0,73002.0,0.0,46998.0,39.16,1,Да
666798381,10.0,0.0,0,1.2,1.2,0.0,8.8,88.0,1,Да
660963890,10.0,0.0,0,1.2,1.2,0.0,8.8,88.0,1,Да
668199023,79000.0,48500.0,0,9480.0,57980.0,0.0,21020.0,26.61,1,Да
666960072,10.0,0.0,0,1.2,1.2,0.0,8.8,88.0,1,Да
668026073,10.0,0.0,0,1.2,1.2,0.0,8.8,88.0,1,Да
666799363,10.0,0.0,0,1.2,1.2,0.0,8.8,88.0,1,Да
643372010,65000.0,0.0,0,7800.0,7800.0,0.0,57200.0,88.0,1,Да
660963942,10.0,0.0,0,1.2,1.2,0.0,8.8,88.0,1,Да
666801050,10.0,0.0,0,1.2,1.2,0.0,8.8,88.0,1,Да
668027097,10.0,0.0,0,1.2,1.2,0.0,8.8,88.0,1,Да
666801142,10.0,0.0,0,1.2,1.2,0.0,8.8,88.0,1,Да
643426733,79000.0,35820.0,0,16759.0,52579.0,0.0,26421.0,33.44,1,Да
668027137,10.0,0.0,0,1.2,1.2,0.0,8.8,88.0,1,Да
666960853,10.0,0.0,0,1.2,1.2,0.0,8.8,88.0,1,Да
668020827,10.0,0.0,0,1.2,1.2,0.0,8.8,88.0,1,Да
643499299,45990.0,16150.0,0,7421.8,23571.8,0.0,22418.2,48.75,1,Да
668022737,10.0,0.0,0,1.2,1.2,0.0,8.8,88.0,1,Да
663303962,35100.0,20519.0,0,6115.0,26634.0,0.0,8466.0,24.12,1,Да
660179323,120000.0,50661.0,0,14400.0,65061.0,0.0,54939.0,45.78,1,Да
668022803,10.0,0.0,0,1.2,1.2,0.0,8.8,88.0,1,Да
643603803,79000.0,48400.0,0,16759.0,65159.0,0.0,13841.0,17.52,1,Да
659335950,77000.0,47000.0,0,16519.0,63519.0,0.0,13481.0,17.51,1,Да
666961079,10.0,0.0,0,1.2,1.2,0.0,8.8,88.0,1,Да
660811399,120000.0,50661.0,0,14400.0,65061.0,0.0,54939.0,45.78,1,Да
643675810,243500.0,0.0,0,29220.0,29220.0,0.0,214280.0,88.0,1,Да
665579803,79000.0,48500.0,0,16759.0,65259.0,0.0,13741.0,17.39,1,Да
662409983,120000.0,50661.0,0,14400.0,65061.0,0.0,54939.0,45.78,1,Да
643629389,69000.0,35580.0,0,12311.0,47891.0,0.0,21109.0,30.59,1,Да
666741680,10.0,0.0,0,1.2,1.2,0.0,8.8,88.0,1,Да
663402823,10.0,0.0,0,1.2,1.2,0.0,8.8,88.0,1,Да
666961487,10.0,0.0,0,1.2,1.2,0.0,8.8,88.0,1,Да
658917952,69000.0,35580.0,0,8280.0,43860.0,0.0,25140.0,36.43,1,Да
643699154,70000.0,44934.0,0,8400.0,53334.0,0.0,16666.0,23.81,1,Да
663402912,10.0,0.0,0,1.2,1.2,0.0,8.8,88.0,1,Да
664567173,10.0,0.0,0,1.2,1.2,0.0,8.8,88.0,1,Да
666961760,10.0,0.0,0,1.2,1.2,0.0,8.8,88.0,1,Да
643596119,69000.0,35580.0,0,12311.0,47891.0,0.0,21109.0,30.59,1,Да
663405840,10.0,0.0,0,1.2,1.2,0.0,8.8,88.0,1,Да
WB3992844333,5178.0,12101.0,0,0.0,12101.0,0.0,-6923.0,-133.7,1,Да
669557765,75000.0,47000.0,0,13031.0,60031.0,0.0,14969.0,19.96,1,Да
658327175,120000.0,50661.0,0,14400.0,65061.0,0.0,54939.0,45.78,1,Да
669403010,140000.0,0.0,0,16800.0,16800.0,0.0,123200.0,88.0,1,Да
668923913,41500.0,16150.0,0,6883.0,23033.0,0.0,18467.0,44.5,1,Да
664568257,10.0,0.0,0,1.2,1.2,0.0,8.8,88.0,1,Да
643537891,77000.0,47000.0,0,16519.0,63519.0,0.0,13481.0,17.51,1,Да
670492253,77000.0,47000.0,0,9240.0,56240.0,0.0,20760.0,26.96,1,Да
664569041,10.0,0.0,0,1.2,1.2,0.0,8.8,88.0,1,Да
666961810,10.0,0.0,0,1.2,1.2,0.0,8.8,88.0,1,Да
654093932,120000.0,50661.0,0,14400.0,65061.0,0.0,54939.0,45.78,1,Да
663407558,10.0,0.0,0,1.2,1.2,0.0,8.8,88.0,1,Да
660215021,10.0,0.0,0,1.2,1.2,0.0,8.8,88.0,1,Да
667142975,10.0,0.0,0,1.2,1.2,0.0,8.8,88.0,1,Да
664567257,10.0,0.0,0,1.2,1.2,0.0,8.8,88.0,1,Да
668006825,10.0,0.0,0,1.2,1.2,0.0,8.8,88.0,1,Да
673881941,35100.0,20519.0,0,6115.0,26634.0,0.0,8466.0,24.12,1,Да
654272120,79000.0,35820.0,0,9480.0,45300.0,0.0,33700.0,42.66,1,Да
665714997,10.0,0.0,0,1.2,1.2,0.0,8.8,88.0,1,Да
663409463,10.0,0.0,0,1.2,1.2,0.0,8.8,88.0,1,Да
666596690,115000.0,50661.0,0,13800.0,64461.0,0.0,50539.0,43.95,1,Да
667143741,10.0,0.0,0,1.2,1.2,0.0,8.8,88.0,1,Да
660215111,10.0,0.0,0,1.2,1.2,0.0,8.8,88.0,1,Да
668006860,10.0,0.0,0,1.2,1.2,0.0,8.8,88.0,1,Да
664568341,10.0,0.0,0,1.2,1.2,0.0,8.8,88.0,1,Да
666598130,115000.0,50661.0,0,13800.0,64461.0,0.0,50539.0,43.95,1,Да
665715846,10.0,0.0,0,1.2,1.2,0.0,8.8,88.0,1,Да
667144688,10.0,0.0,0,1.2,1.2,0.0,8.8,88.0,1,Да
666961894,10.0,0.0,0,1.2,1.2,0.0,8.8,88.0,1,Да
664569170,10.0,0.0,0,1.2,1.2,0.0,8.8,88.0,1,Да
663410118,10.0,0.0,0,1.2,1.2,0.0,8.8,88.0,1,Да
654222764,61500.0,23650.0,0,9283.0,32933.0,0.0,28567.0,46.45,1,Да
668009424,10.0,0.0,0,1.2,1.2,0.0,8.8,88.0,1,Да
665718945,10.0,0.0,0,1.2,1.2,0.0,8.8,88.0,1,Да
664562971,10.0,0.0,0,1.2,1.2,0.0,8.8,88.0,1,Да
667691889,79000.0,48500.0,0,9480.0,57980.0,0.0,21020.0,26.61,1,Да
668010333,10.0,0.0,0,1.2,1.2,0.0,8.8,88.0,1,Да
666924311,10.0,0.0,0,1.2,1.2,0.0,8.8,88.0,1,Да
665720400,10.0,0.0,0,1.2,1.2,0.0,8.8,88.0,1,Да
666920715,10.0,0.0,0,1.2,1.2,0.0,8.8,88.0,1,Да
654302318,65000.0,0.0,0,7800.0,7800.0,0.0,57200.0,88.0,1,Да
665721249,10.0,0.0,0,1.2,1.2,0.0,8.8,88.0,1,Да
644068893,79000.0,48500.0,0,9480.0,57980.0,0.0,21020.0,26.61,1,Да
666922519,10.0,0.0,0,1.2,1.2,0.0,8.8,88.0,1,Да
662151353,81000.0,49551.0,0,11623.0,61174.0,0.0,19826.0,24.48,1,Да
665721105,10.0,0.0,0,1.2,1.2,0.0,8.8,88.0,1,Да
645342884,79000.0,48500.0,0,9480.0,57980.0,0.0,21020.0,26.61,1,Да
667092390,10.0,0.0,0,1.2,1.2,0.0,8.8,88.0,1,Да
654337550,140000.0,0.0,0,16800.0,16800.0,0.0,123200.0,88.0,1,Да
666783552,10.0,0.0,0,1.2,1.2,0.0,8.8,88.0,1,Да
646521879,79000.0,48500.0,0,9480.0,57980.0,0.0,21020.0,26.61,1,Да
666923389,10.0,0.0,0,1.2,1.2,0.0,8.8,88.0,1,Да
665721158,10.0,0.0,0,1.2,1.2,0.0,8.8,88.0,1,Да
667093320,10.0,0.0,0,1.2,1.2,0.0,8.8,88.0,1,Да
646854732,79000.0,48500.0,0,9480.0,57980.0,0.0,21020.0,26.61,1,Да
654462374,77000.0,47000.0,0,16519.0,63519.0,0.0,13481.0,17.51,1,Да
665721316,10.0,0.0,0,1.2,1.2,0.0,8.8,88.0,1,Да
666785559,10.0,0.0,0,1.2,1.2,0.0,8.8,88.0,1,Да
667095079,10.0,0.0,0,1.2,1.2,0.0,8.8,88.0,1,Да
666962206,10.0,0.0,0,1.2,1.2,0.0,8.8,88.0,1,Да
647747611,79000.0,48500.0,0,9480.0,57980.0,0.0,21020.0,26.61,1,Да
666787330,10.0,0.0,0,1.2,1.2,0.0,8.8,88.0,1,Да
667094365,10.0,0.0,0,1.2,1.2,0.0,8.8,88.0,1,Да
648912835,79000.0,48500.0,0,9480.0,57980.0,0.0,21020.0,26.61,1,Да
667094481,10.0,0.0,0,1.2,1.2,0.0,8.8,88.0,1,Да
667514369,79000.0,48500.0,0,9480.0,57980.0,0.0,21020.0,26.61,1,Да
649870608,79000.0,48500.0,0,9480.0,57980.0,0.0,21020.0,26.61,1,Да
667643162,60000.0,29301.0,0,7200.0,36501.0,0.0,23499.0,39.16,1,Да
667095169,10.0,0.0,0,1.2,1.2,0.0,8.8,88.0,1,Да
673023387,54900.0,30213.0,0,8491.0,38704.0,0.0,16196.0,29.5,1,Да
661448909,79000.0,48400.0,0,9480.0,57880.0,0.0,21120.0,26.73,1,Да
649917491,79000.0,48500.0,0,9480.0,57980.0,0.0,21020.0,26.61,1,Да
654613058,120000.0,50661.0,0,14400.0,65061.0,0.0,54939.0,45.78,1,Да
667098003,10.0,0.0,0,1.2,1.2,0.0,8.8,88.0,1,Да
654697753,79000.0,35820.0,0,9480.0,45300.0,0.0,33700.0,42.66,1,Да
667735319,120000.0,0.0,0,14400.0,14400.0,0.0,105600.0,88.0,1,Да
659460596,120000.0,50661.0,0,14400.0,65061.0,0.0,54939.0,45.78,1,Да
666962756,10.0,0.0,0,1.2,1.2,0.0,8.8,88.0,1,Да
654642586,79000.0,48500.0,0,9480.0,57980.0,0.0,21020.0,26.61,1,Да
667185309,77000.0,47000.0,0,16519.0,63519.0,0.0,13481.0,17.51,1,Да
664548730,10.0,0.0,0,1.2,1.2,0.0,8.8,88.0,1,Да
663387860,10.0,0.0,0,1.2,1.2,0.0,8.8,88.0,1,Да
672433229,120000.0,50661.0,0,14400.0,65061.0,0.0,54939.0,45.78,1,Да
666588230,10.0,0.0,0,1.2,1.2,0.0,8.8,88.0,1,Да
663391532,10.0,0.0,0,1.2,1.2,0.0,8.8,88.0,1,Да
654590221,79000.0,48400.0,0,9480.0,57880.0,0.0,21120.0,26.73,1,Да
664551323,10.0,0.0,0,1.2,1.2,0.0,8.8,88.0,1,Да
655750838,79000.0,48500.0,0,9480.0,57980.0,0.0,21020.0,26.61,1,Да
656425969,106431.0,75643.0,0,20050.72,95693.72,0.0,10737.28,10.09,1,Да
663389873,10.0,0.0,0,1.2,1.2,0.0,8.8,88.0,1,Да
666962907,10.0,0.0,0,1.2,1.2,0.0,8.8,88.0,1,Да
663394026,10.0,0.0,0,1.2,1.2,0.0,8.8,88.0,1,Да
671617789,35100.0,20519.0,0,6115.0,26634.0,0.0,8466.0,24.12,1,Да
664555209,10.0,0.0,0,1.2,1.2,0.0,8.8,88.0,1,Да
663393266,10.0,0.0,0,1.2,1.2,0.0,8.8,88.0,1,Да
664553285,10.0,0.0,0,1.2,1.2,0.0,8.8,88.0,1,Да
654709006,120000.0,50661.0,0,14400.0,65061.0,0.0,54939.0,45.78,1,Да
664553242,10.0,0.0,0,1.2,1.2,0.0,8.8,88.0,1,Да
654777490,140000.0,0.0,0,16800.0,16800.0,0.0,123200.0,88.0,1,Да
668761388,75000.0,48500.0,0,9000.0,57500.0,0.0,17500.0,23.33,1,Да
657867745,79000.0,48500.0,0,9480.0,57980.0,0.0,21020.0,26.61,1,Да
667128965,10.0,0.0,0,1.2,1.2,0.0,8.8,88.0,1,Да
667273723,10.0,0.0,0,1.2,1.2,0.0,8.8,88.0,1,Да
674588388,77000.0,47000.0,0,9240.0,56240.0,0.0,20760.0,26.96,1,Да
666963281,10.0,0.0,0,1.2,1.2,0.0,8.8,88.0,1,Да
667276747,10.0,0.0,0,1.2,1.2,0.0,8.8,88.0,1,Да
667129864,10.0,0.0,0,1.2,1.2,0.0,8.8,88.0,1,Да
660194984,10.0,0.0,0,1.2,1.2,0.0,8.8,88.0,1,Да
658195652,79000.0,48500.0,0,9480.0,57980.0,0.0,21020.0,26.61,1,Да
667276783,10.0,0.0,0,1.2,1.2,0.0,8.8,88.0,1,Да
667132582,10.0,0.0,0,1.2,1.2,0.0,8.8,88.0,1,Да
654727027,69000.0,35580.0,0,8280.0,43860.0,0.0,25140.0,36.43,1,Да
WB4006994877,4548.0,12101.0,0,0.0,12101.0,0.0,-7553.0,-166.07,1,Да
660196793,10.0,0.0,0,1.2,1.2,0.0,8.8,88.0,1,Да
654792353,79000.0,48400.0,0,9480.0,57880.0,0.0,21120.0,26.73,1,Да
660198793,10.0,0.0,0,1.2,1.2,0.0,8.8,88.0,1,Да
658451279,65000.0,34218.0,0,7800.0,42018.0,0.0,22982.0,35.36,1,Да
664194820,10.0,0.0,0,1.2,1.2,0.0,8.8,88.0,1,Да
660200045,10.0,0.0,0,1.2,1.2,0.0,8.8,88.0,1,Да
654808044,79000.0,35820.0,0,9480.0,45300.0,0.0,33700.0,42.66,1,Да
674557780,79000.0,48400.0,0,9480.0,57880.0,0.0,21120.0,26.73,1,Да
671405555,10.0,0.0,0,1.2,1.2,0.0,8.8,88.0,1,Да
659353180,130000.0,68436.0,0,15600.0,84036.0,0.0,45964.0,35.36,1,Да
660200103,10.0,0.0,0,1.2,1.2,0.0,8.8,88.0,1,Да
671401747,10.0,0.0,0,1.2,1.2,0.0,8.8,88.0,1,Да
654870493,120000.0,0.0,0,14400.0,14400.0,0.0,105600.0,88.0,1,Да
650956891,65000.0,34218.0,0,7800.0,42018.0,0.0,22982.0,35.36,1,Да
651550828,79000.0,48500.0,0,9480.0,57980.0,0.0,21020.0,26.61,1,Да
660201108,10.0,0.0,0,1.2,1.2,0.0,8.8,88.0,1,Да
654886073,120000.0,50661.0,0,14400.0,65061.0,0.0,54939.0,45.78,1,Да
652827717,79000.0,48500.0,0,9480.0,57980.0,0.0,21020.0,26.61,1,Да
666004991,10.0,0.0,0,1.2,1.2,0.0,8.8,88.0,1,Да
654958030,79000.0,48400.0,0,9480.0,57880.0,0.0,21120.0,26.73,1,Да
660203106,10.0,0.0,0,1.2,1.2,0.0,8.8,88.0,1,Да
666005997,10.0,0.0,0,1.2,1.2,0.0,8.8,88.0,1,Да
660868436,79000.0,48500.0,0,9480.0,57980.0,0.0,21020.0,26.61,1,Да
666005939,10.0,0.0,0,1.2,1.2,0.0,8.8,88.0,1,Да
654968839,100000.0,0.0,0,12000.0,12000.0,0.0,88000.0,88.0,1,Да
673812552,69000.0,35580.0,0,8280.0,43860.0,0.0,25140.0,36.43,1,Да
660917166,79000.0,48500.0,0,9480.0,57980.0,0.0,21020.0,26.61,1,Да
666006615,10.0,0.0,0,1.2,1.2,0.0,8.8,88.0,1,Да
667772575,79000.0,35820.0,0,9480.0,45300.0,0.0,33700.0,42.66,1,Да
655172471,65000.0,0.0,0,7800.0,7800.0,0.0,57200.0,88.0,1,Да
666007660,10.0,0.0,0,1.2,1.2,0.0,8.8,88.0,1,Да
660983539,75000.0,47000.0,0,13031.0,60031.0,0.0,14969.0,19.96,1,Да
666009818,10.0,0.0,0,1.2,1.2,0.0,8.8,88.0,1,Да
661710200,77000.0,47000.0,0,16519.0,63519.0,0.0,13481.0,17.51,1,Да
661499431,79000.0,48500.0,0,9480.0,57980.0,0.0,21020.0,26.61,1,Да
655136107,79000.0,48400.0,0,9480.0,57880.0,0.0,21120.0,26.73,1,Да
670679493,120000.0,0.0,0,14400.0,14400.0,0.0,105600.0,88.0,1,Да
659179908,120000.0,58602.0,0,14400.0,73002.0,0.0,46998.0,39.16,1,Да
666010314,10.0,0.0,0,1.2,1.2,0.0,8.8,88.0,1,Да
WB4020367266,10456.0,28700.0,0,0.0,28700.0,0.0,-18244.0,-174.48,1,Да
661439640,106431.0,75643.0,0,20050.72,95693.72,0.0,10737.28,10.09,1,Да
666010669,10.0,0.0,0,1.2,1.2,0.0,8.8,88.0,1,Да
655482323,79000.0,48500.0,0,9480.0,57980.0,0.0,21020.0,26.61,1,Да
662160366,79000.0,48500.0,0,9480.0,57980.0,0.0,21020.0,26.61,1,Да
666010705,10.0,0.0,0,1.2,1.2,0.0,8.8,88.0,1,Да
663512716,120000.0,0.0,0,14400.0,14400.0,0.0,105600.0,88.0,1,Да
662728992,79000.0,48500.0,0,9480.0,57980.0,0.0,21020.0,26.61,1,Да
665832461,10.0,0.0,0,1.2,1.2,0.0,8.8,88.0,1,Да
655529801,120000.0,50661.0,0,14400.0,65061.0,0.0,54939.0,45.78,1,Да
668027982,10.0,0.0,0,1.2,1.2,0.0,8.8,88.0,1,Да
655887531,70000.0,44934.0,0,8400.0,53334.0,0.0,16666.0,23.81,1,Да
668028713,10.0,0.0,0,1.2,1.2,0.0,8.8,88.0,1,Да
668032354,10.0,0.0,0,1.2,1.2,0.0,8.8,88.0,1,Да
655847716,120000.0,50661.0,0,14400.0,65061.0,0.0,54939.0,45.78,1,Да
668032442,10.0,0.0,0,1.2,1.2,0.0,8.8,88.0,1,Да
673108827,140000.0,0.0,0,16800.0,16800.0,0.0,123200.0,88.0,1,Да
668033324,10.0,0.0,0,1.2,1.2,0.0,8.8,88.0,1,Да
655903580,79000.0,48500.0,0,9480.0,57980.0,0.0,21020.0,26.61,1,Да
666804850,10.0,0.0,0,1.2,1.2,0.0,8.8,88.0,1,Да
666805462,10.0,0.0,0,1.2,1.2,0.0,8.8,88.0,1,Да
660188159,10.0,0.0,0,1.2,1.2,0.0,8.8,88.0,1,Да
664941209,120000.0,0.0,0,14400.0,14400.0,0.0,105600.0,88.0,1,Да
666809135,10.0,0.0,0,1.2,1.2,0.0,8.8,88.0,1,Да
666801985,10.0,0.0,0,1.2,1.2,0.0,8.8,88.0,1,Да
660185362,10.0,0.0,0,1.2,1.2,0.0,8.8,88.0,1,Да
674013436,79000.0,48500.0,0,9480.0,57980.0,0.0,21020.0,26.61,1,Да
664894359,79000.0,48500.0,0,9480.0,57980.0,0.0,21020.0,26.61,1,Да
655960365,77000.0,47000.0,0,9240.0,56240.0,0.0,20760.0,26.96,1,Да
666810088,10.0,0.0,0,1.2,1.2,0.0,8.8,88.0,1,Да
673710194,10.0,0.0,0,1.2,1.2,0.0,8.8,88.0,1,Да
660187285,10.0,0.0,0,1.2,1.2,0.0,8.8,88.0,1,Да
660188390,10.0,0.0,0,1.2,1.2,0.0,8.8,88.0,1,Да
656030486,41500.0,20519.0,0,6883.0,27402.0,0.0,14098.0,33.97,1,Да
668028773,10.0,0.0,0,1.2,1.2,0.0,8.8,88.0,1,Да
672763771,60000.0,29301.0,0,7200.0,36501.0,0.0,23499.0,39.16,1,Да
668029991,10.0,0.0,0,1.2,1.2,0.0,8.8,88.0,1,Да
668034240,10.0,0.0,0,1.2,1.2,0.0,8.8,88.0,1,Да
656234858,77000.0,47000.0,0,16519.0,63519.0,0.0,13481.0,17.51,1,Да
668034148,10.0,0.0,0,1.2,1.2,0.0,8.8,88.0,1,Да
664569951,10.0,0.0,0,1.2,1.2,0.0,8.8,88.0,1,Да
673706756,10.0,0.0,0,1.2,1.2,0.0,8.8,88.0,1,Да
668030774,10.0,0.0,0,1.2,1.2,0.0,8.8,88.0,1,Да
664569956,10.0,0.0,0,1.2,1.2,0.0,8.8,88.0,1,Да
668030797,10.0,0.0,0,1.2,1.2,0.0,8.8,88.0,1,Да
664570779,10.0,0.0,0,1.2,1.2,0.0,8.8,88.0,1,Да
668030834,10.0,0.0,0,1.2,1.2,0.0,8.8,88.0,1,Да
664572708,10.0,0.0,0,1.2,1.2,0.0,8.8,88.0,1,Да
656104611,79000.0,48500.0,0,9480.0,57980.0,0.0,21020.0,26.61,1,Да
668031708,10.0,0.0,0,1.2,1.2,0.0,8.8,88.0,1,Да
664574142,10.0,0.0,0,1.2,1.2,0.0,8.8,88.0,1,Да
668033568,10.0,0.0,0,1.2,1.2,0.0,8.8,88.0,1,Да
656106541,41500.0,16150.0,0,6883.0,23033.0,0.0,18467.0,44.5,1,Да
674238692,60000.0,29301.0,0,7200.0,36501.0,0.0,23499.0,39.16,1,Да
670500374,140000.0,0.0,0,16800.0,16800.0,0.0,123200.0,88.0,1,Да
668939390,79000.0,48500.0,0,9480.0,57980.0,0.0,21020.0,26.61,1,Да
664574188,10.0,0.0,0,1.2,1.2,0.0,8.8,88.0,1,Да
667274881,10.0,0.0,0,1.2,1.2,0.0,8.8,88.0,1,Да
674685287,77000.0,47000.0,0,9240.0,56240.0,0.0,20760.0,26.96,1,Да
656199331,120000.0,50661.0,0,14400.0,65061.0,0.0,54939.0,45.78,1,Да
667276847,10.0,0.0,0,1.2,1.2,0.0,8.8,88.0,1,Да
672552256,79000.0,35820.0,0,9480.0,45300.0,0.0,33700.0,42.66,1,Да
664577059,10.0,0.0,0,1.2,1.2,0.0,8.8,88.0,1,Да
667278675,10.0,0.0,0,1.2,1.2,0.0,8.8,88.0,1,Да
667146754,79000.0,48500.0,0,9480.0,57980.0,0.0,21020.0,26.61,1,Да
656390054,79000.0,48500.0,0,9480.0,57980.0,0.0,21020.0,26.61,1,Да
667285045,10.0,0.0,0,1.2,1.2,0.0,8.8,88.0,1,Да
668015439,10.0,0.0,0,1.2,1.2,0.0,8.8,88.0,1,Да
667280367,10.0,0.0,0,1.2,1.2,0.0,8.8,88.0,1,Да
664578010,10.0,0.0,0,1.2,1.2,0.0,8.8,88.0,1,Да
656418297,54900.0,30213.0,0,8491.0,38704.0,0.0,16196.0,29.5,1,Да
668017364,10.0,0.0,0,1.2,1.2,0.0,8.8,88.0,1,Да
667280472,10.0,0.0,0,1.2,1.2,0.0,8.8,88.0,1,Да
668019253,10.0,0.0,0,1.2,1.2,0.0,8.8,88.0,1,Да
664220602,10.0,0.0,0,1.2,1.2,0.0,8.8,88.0,1,Да
667280447,10.0,0.0,0,1.2,1.2,0.0,8.8,88.0,1,Да
664574487,10.0,0.0,0,1.2,1.2,0.0,8.8,88.0,1,Да
656760980,79000.0,48500.0,0,9480.0,57980.0,0.0,21020.0,26.61,1,Да
667281077,10.0,0.0,0,1.2,1.2,0.0,8.8,88.0,1,Да
668020070,10.0,0.0,0,1.2,1.2,0.0,8.8,88.0,1,Да
664225033,10.0,0.0,0,1.2,1.2,0.0,8.8,88.0,1,Да
664575303,10.0,0.0,0,1.2,1.2,0.0,8.8,88.0,1,Да
660957508,10.0,0.0,0,1.2,1.2,0.0,8.8,88.0,1,Да
662762246,41500.0,16150.0,0,6883.0,23033.0,0.0,18467.0,44.5,1,Да
667281285,10.0,0.0,0,1.2,1.2,0.0,8.8,88.0,1,Да
664577084,10.0,0.0,0,1.2,1.2,0.0,8.8,88.0,1,Да
665633251,79000.0,0.0,0,13511.0,13511.0,0.0,65489.0,82.9,1,Да
656827461,41500.0,16150.0,0,6883.0,23033.0,0.0,18467.0,44.5,1,Да
664225102,10.0,0.0,0,1.2,1.2,0.0,8.8,88.0,1,Да
660962084,10.0,0.0,0,1.2,1.2,0.0,8.8,88.0,1,Да
668015501,10.0,0.0,0,1.2,1.2,0.0,8.8,88.0,1,Да
667282200,10.0,0.0,0,1.2,1.2,0.0,8.8,88.0,1,Да
664572884,10.0,0.0,0,1.2,1.2,0.0,8.8,88.0,1,Да
668015521,10.0,0.0,0,1.2,1.2,0.0,8.8,88.0,1,Да
660962198,10.0,0.0,0,1.2,1.2,0.0,8.8,88.0,1,Да
668879070,77000.0,47000.0,0,16519.0,63519.0,0.0,13481.0,17.51,1,Да
667283257,10.0,0.0,0,1.2,1.2,0.0,8.8,88.0,1,Да
656844770,47000.0,0.0,0,9671.0,9671.0,0.0,37329.0,79.42,1,Да
664221725,10.0,0.0,0,1.2,1.2,0.0,8.8,88.0,1,Да
667103138,10.0,0.0,0,1.2,1.2,0.0,8.8,88.0,1,Да
666791091,41500.0,16150.0,0,6883.0,23033.0,0.0,18467.0,44.5,1,Да
WB3990456655,4920.0,12101.0,0,0.0,12101.0,0.0,-7181.0,-145.96,1,Да
664572961,10.0,0.0,0,1.2,1.2,0.0,8.8,88.0,1,Да
667104071,10.0,0.0,0,1.2,1.2,0.0,8.8,88.0,1,Да
656947259,41500.0,16150.0,0,6883.0,23033.0,0.0,18467.0,44.5,1,Да
660169436,10.0,0.0,0,1.2,1.2,0.0,8.8,88.0,1,Да
666791476,10.0,0.0,0,1.2,1.2,0.0,8.8,88.0,1,Да
673095285,54900.0,30213.0,0,8491.0,38704.0,0.0,16196.0,29.5,1,Да
667105053,10.0,0.0,0,1.2,1.2,0.0,8.8,88.0,1,Да
660173257,10.0,0.0,0,1.2,1.2,0.0,8.8,88.0,1,Да
666792509,10.0,0.0,0,1.2,1.2,0.0,8.8,88.0,1,Да
657273683,54900.0,30213.0,0,8491.0,38704.0,0.0,16196.0,29.5,1,Да
660960318,10.0,0.0,0,1.2,1.2,0.0,8.8,88.0,1,Да
660173341,10.0,0.0,0,1.2,1.2,0.0,8.8,88.0,1,Да
666792553,10.0,0.0,0,1.2,1.2,0.0,8.8,88.0,1,Да
667099966,10.0,0.0,0,1.2,1.2,0.0,8.8,88.0,1,Да
671994778,35100.0,20519.0,0,6115.0,26634.0,0.0,8466.0,24.12,1,Да
657174732,10.0,0.0,0,1.2,1.2,0.0,8.8,88.0,1,Да
666046948,65000.0,34218.0,0,7800.0,42018.0,0.0,22982.0,35.36,1,Да
666794416,10.0,0.0,0,1.2,1.2,0.0,8.8,88.0,1,Да
672159499,81000.0,0.0,0,9720.0,9720.0,0.0,71280.0,88.0,1,Да
667101558,10.0,0.0,0,1.2,1.2,0.0,8.8,88.0,1,Да
657177106,79000.0,48500.0,0,9480.0,57980.0,0.0,21020.0,26.61,1,Да
666795230,10.0,0.0,0,1.2,1.2,0.0,8.8,88.0,1,Да
662842578,79000.0,48500.0,0,9480.0,57980.0,0.0,21020.0,26.61,1,Да
657198693,44900.0,23200.0,0,5388.0,28588.0,0.0,16312.0,36.33,1,Да
660174348,10.0,0.0,0,1.2,1.2,0.0,8.8,88.0,1,Да
659206417,10.0,0.0,0,1.2,1.2,0.0,8.8,88.0,1,Да
666794492,10.0,0.0,0,1.2,1.2,0.0,8.8,88.0,1,Да
668983445,79000.0,48500.0,0,9480.0,57980.0,0.0,21020.0,26.61,1,Да
657166974,81000.0,0.0,0,13751.0,13751.0,0.0,67249.0,83.02,1,Да
660175328,10.0,0.0,0,1.2,1.2,0.0,8.8,88.0,1,Да
666794536,10.0,0.0,0,1.2,1.2,0.0,8.8,88.0,1,Да
657322685,54900.0,28700.0,0,8491.0,37191.0,0.0,17709.0,32.26,1,Да
666795409,10.0,0.0,0,1.2,1.2,0.0,8.8,88.0,1,Да
674385667,140000.0,0.0,0,16800.0,16800.0,0.0,123200.0,88.0,1,Да
657499079,69000.0,35580.0,0,8280.0,43860.0,0.0,25140.0,36.43,1,Да
666590231,77000.0,47000.0,0,16519.0,63519.0,0.0,13481.0,17.51,1,Да
666590568,10.0,0.0,0,1.2,1.2,0.0,8.8,88.0,1,Да
670035113,69000.0,35580.0,0,8280.0,43860.0,0.0,25140.0,36.43,1,Да
666590657,10.0,0.0,0,1.2,1.2,0.0,8.8,88.0,1,Да
657499034,77000.0,47000.0,0,16519.0,63519.0,0.0,13481.0,17.51,1,Да
664559147,10.0,0.0,0,1.2,1.2,0.0,8.8,88.0,1,Да
666595072,10.0,0.0,0,1.2,1.2,0.0,8.8,88.0,1,Да
657634776,41500.0,16150.0,0,6883.0,23033.0,0.0,18467.0,44.5,1,Да
664559183,10.0,0.0,0,1.2,1.2,0.0,8.8,88.0,1,Да
663395962,10.0,0.0,0,1.2,1.2,0.0,8.8,88.0,1,Да
666591838,10.0,0.0,0,1.2,1.2,0.0,8.8,88.0,1,Да
662643453,77000.0,47000.0,0,16519.0,63519.0,0.0,13481.0,17.51,1,Да
657650390,79000.0,48400.0,0,9480.0,57880.0,0.0,21120.0,26.73,1,Да
663398822,10.0,0.0,0,1.2,1.2,0.0,8.8,88.0,1,Да
666591928,10.0,0.0,0,1.2,1.2,0.0,8.8,88.0,1,Да
664559282,10.0,0.0,0,1.2,1.2,0.0,8.8,88.0,1,Да
663403021,10.0,0.0,0,1.2,1.2,0.0,8.8,88.0,1,Да
667137729,10.0,0.0,0,1.2,1.2,0.0,8.8,88.0,1,Да
657580839,81000.0,0.0,0,13751.0,13751.0,0.0,67249.0,83.02,1,Да
667141195,77000.0,47000.0,0,9240.0,56240.0,0.0,20760.0,26.96,1,Да
664559321,10.0,0.0,0,1.2,1.2,0.0,8.8,88.0,1,Да
667138716,10.0,0.0,0,1.2,1.2,0.0,8.8,88.0,1,Да
670313182,69000.0,35580.0,0,8280.0,43860.0,0.0,25140.0,36.43,1,Да
657582389,77000.0,47000.0,0,16519.0,63519.0,0.0,13481.0,17.51,1,Да
662052425,120000.0,0.0,0,14400.0,14400.0,0.0,105600.0,88.0,1,Да
664560196,10.0,0.0,0,1.2,1.2,0.0,8.8,88.0,1,Да
667138798,10.0,0.0,0,1.2,1.2,0.0,8.8,88.0,1,Да
660202876,10.0,0.0,0,1.2,1.2,0.0,8.8,88.0,1,Да
667282966,10.0,0.0,0,1.2,1.2,0.0,8.8,88.0,1,Да
657536217,120000.0,50661.0,0,14400.0,65061.0,0.0,54939.0,45.78,1,Да
667288191,10.0,0.0,0,1.2,1.2,0.0,8.8,88.0,1,Да
667141267,10.0,0.0,0,1.2,1.2,0.0,8.8,88.0,1,Да
657743092,79000.0,48400.0,0,9480.0,57880.0,0.0,21120.0,26.73,1,Да
664561186,10.0,0.0,0,1.2,1.2,0.0,8.8,88.0,1,Да
667288328,10.0,0.0,0,1.2,1.2,0.0,8.8,88.0,1,Да
667135997,10.0,0.0,0,1.2,1.2,0.0,8.8,88.0,1,Да
657768395,10.0,0.0,0,1.2,1.2,0.0,8.8,88.0,1,Да
667682714,77000.0,47000.0,0,16519.0,63519.0,0.0,13481.0,17.51,1,Да
667291008,10.0,0.0,0,1.2,1.2,0.0,8.8,88.0,1,Да
672043172,35100.0,20519.0,0,6115.0,26634.0,0.0,8466.0,24.12,1,Да
664563031,10.0,0.0,0,1.2,1.2,0.0,8.8,88.0,1,Да
667141401,10.0,0.0,0,1.2,1.2,0.0,8.8,88.0,1,Да
650251866,55000.0,29301.0,0,6600.0,35901.0,0.0,19099.0,34.73,1,Да
667143036,10.0,0.0,0,1.2,1.2,0.0,8.8,88.0,1,Да
664563086,10.0,0.0,0,1.2,1.2,0.0,8.8,88.0,1,Да
650114028,79000.0,48500.0,0,9480.0,57980.0,0.0,21020.0,26.61,1,Да
665697261,120000.0,50661.0,0,14400.0,65061.0,0.0,54939.0,45.78,1,Да
660203917,10.0,0.0,0,1.2,1.2,0.0,8.8,88.0,1,Да
667087370,10.0,0.0,0,1.2,1.2,0.0,8.8,88.0,1,Да
666776745,10.0,0.0,0,1.2,1.2,0.0,8.8,88.0,1,Да
660204723,10.0,0.0,0,1.2,1.2,0.0,8.8,88.0,1,Да
665700418,10.0,0.0,0,1.2,1.2,0.0,8.8,88.0,1,Да
667090041,10.0,0.0,0,1.2,1.2,0.0,8.8,88.0,1,Да
650350484,55000.0,29301.0,0,6600.0,35901.0,0.0,19099.0,34.73,1,Да
666778677,10.0,0.0,0,1.2,1.2,0.0,8.8,88.0,1,Да
660207596,10.0,0.0,0,1.2,1.2,0.0,8.8,88.0,1,Да
665701039,10.0,0.0,0,1.2,1.2,0.0,8.8,88.0,1,Да
650364038,45990.0,16150.0,0,7421.8,23571.8,0.0,22418.2,48.75,1,Да
667087457,10.0,0.0,0,1.2,1.2,0.0,8.8,88.0,1,Да
658819099,120000.0,50661.0,0,14400.0,65061.0,0.0,54939.0,45.78,1,Да
664556899,10.0,0.0,0,1.2,1.2,0.0,8.8,88.0,1,Да
669288183,10.0,0.0,0,1.2,1.2,0.0,8.8,88.0,1,Да
667087502,10.0,0.0,0,1.2,1.2,0.0,8.8,88.0,1,Да
650419252,61500.0,23650.0,0,9283.0,32933.0,0.0,28567.0,46.45,1,Да
WB3998376788,4504.0,12101.0,0,0.0,12101.0,0.0,-7597.0,-168.67,1,Да
669733507,120000.0,50661.0,0,14400.0,65061.0,0.0,54939.0,45.78,1,Да
650456687,44900.0,23200.0,0,5388.0,28588.0,0.0,16312.0,36.33,1,Да
664556948,10.0,0.0,0,1.2,1.2,0.0,8.8,88.0,1,Да
664563228,10.0,0.0,0,1.2,1.2,0.0,8.8,88.0,1,Да
650572597,61500.0,23650.0,0,9283.0,32933.0,0.0,28567.0,46.45,1,Да
664159713,120000.0,50661.0,0,14400.0,65061.0,0.0,54939.0,45.78,1,Да
664208245,77000.0,47000.0,0,16519.0,63519.0,0.0,13481.0,17.51,1,Да
660204887,10.0,0.0,0,1.2,1.2,0.0,8.8,88.0,1,Да
669129941,110000.0,50661.0,0,13200.0,63861.0,0.0,46139.0,41.94,1,Да
666779492,10.0,0.0,0,1.2,1.2,0.0,8.8,88.0,1,Да
650534483,120000.0,50661.0,0,18431.0,69092.0,0.0,50908.0,42.42,1,Да
667634838,10.0,0.0,0,1.2,1.2,0.0,8.8,88.0,1,Да
660209194,10.0,0.0,0,1.2,1.2,0.0,8.8,88.0,1,Да
663662361,61500.0,0.0,0,7380.0,7380.0,0.0,54120.0,88.0,1,Да
666781049,10.0,0.0,0,1.2,1.2,0.0,8.8,88.0,1,Да
669130440,63000.0,0.0,0,7560.0,7560.0,0.0,55440.0,88.0,1,Да
650711641,81000.0,0.0,0,11623.0,11623.0,0.0,69377.0,85.65,1,Да
667639317,10.0,0.0,0,1.2,1.2,0.0,8.8,88.0,1,Да
667633989,10.0,0.0,0,1.2,1.2,0.0,8.8,88.0,1,Да
672423562,41500.0,16150.0,0,6883.0,23033.0,0.0,18467.0,44.5,1,Да
650832271,44900.0,23200.0,0,5388.0,28588.0,0.0,16312.0,36.33,1,Да
651010214,79000.0,48400.0,0,9480.0,57880.0,0.0,21120.0,26.73,1,Да
666578566,10.0,0.0,0,1.2,1.2,0.0,8.8,88.0,1,Да
666574621,41500.0,16150.0,0,6883.0,23033.0,0.0,18467.0,44.5,1,Да
651271021,69000.0,35580.0,0,8280.0,43860.0,0.0,25140.0,36.43,1,Да
666579396,10.0,0.0,0,1.2,1.2,0.0,8.8,88.0,1,Да
662630158,54900.0,28700.0,0,6588.0,35288.0,0.0,19612.0,35.72,1,Да
651234444,120000.0,50661.0,0,18431.0,69092.0,0.0,50908.0,42.42,1,Да
666576966,10.0,0.0,0,1.2,1.2,0.0,8.8,88.0,1,Да
666809928,10.0,0.0,0,1.2,1.2,0.0,8.8,88.0,1,Да
651181460,79000.0,48400.0,0,9480.0,57880.0,0.0,21120.0,26.73,1,Да
671098028,60000.0,29301.0,0,7200.0,36501.0,0.0,23499.0,39.16,1,Да
666816475,10.0,0.0,0,1.2,1.2,0.0,8.8,88.0,1,Да
WB4011960899,4747.0,12101.0,0,0.0,12101.0,0.0,-7354.0,-154.92,1,Да
660850974,41500.0,16150.0,0,4980.0,21130.0,0.0,20370.0,49.08,1,Да
651391090,79000.0,48400.0,0,9480.0,57880.0,0.0,21120.0,26.73,1,Да
669073325,115000.0,50661.0,0,13800.0,64461.0,0.0,50539.0,43.95,1,Да
666817050,10.0,0.0,0,1.2,1.2,0.0,8.8,88.0,1,Да
659404417,79000.0,48500.0,0,9480.0,57980.0,0.0,21020.0,26.61,1,Да
651576918,120000.0,50661.0,0,14400.0,65061.0,0.0,54939.0,45.78,1,Да
660198008,10.0,0.0,0,1.2,1.2,0.0,8.8,88.0,1,Да
666817227,10.0,0.0,0,1.2,1.2,0.0,8.8,88.0,1,Да
670801556,35100.0,20519.0,0,6115.0,26634.0,0.0,8466.0,24.12,1,Да
651867422,65000.0,34218.0,0,7800.0,42018.0,0.0,22982.0,35.36,1,Да
666812748,10.0,0.0,0,1.2,1.2,0.0,8.8,88.0,1,Да
652544850,45990.0,16150.0,0,5518.8,21668.8,0.0,24321.2,52.88,1,Да
660195260,10.0,0.0,0,1.2,1.2,0.0,8.8,88.0,1,Да
668123421,69000.0,35580.0,0,8280.0,43860.0,0.0,25140.0,36.43,1,Да
660196242,10.0,0.0,0,1.2,1.2,0.0,8.8,88.0,1,Да
666813419,10.0,0.0,0,1.2,1.2,0.0,8.8,88.0,1,Да
651988527,69000.0,35580.0,0,8280.0,43860.0,0.0,25140.0,36.43,1,Да
666813495,10.0,0.0,0,1.2,1.2,0.0,8.8,88.0,1,Да
664486220,120000.0,50661.0,0,14400.0,65061.0,0.0,54939.0,45.78,1,Да
666813498,10.0,0.0,0,1.2,1.2,0.0,8.8,88.0,1,Да
651939446,54900.0,28700.0,0,8491.0,37191.0,0.0,17709.0,32.26,1,Да
669758568,77000.0,47000.0,0,16519.0,63519.0,0.0,13481.0,17.51,1,Да
662434175,55000.0,29301.0,0,6600.0,35901.0,0.0,19099.0,34.73,1,Да
652044486,120000.0,50661.0,0,18431.0,69092.0,0.0,50908.0,42.42,1,Да
664196304,10.0,0.0,0,1.2,1.2,0.0,8.8,88.0,1,Да
667065865,55000.0,24300.0,0,6600.0,30900.0,0.0,24100.0,43.82,1,Да
652051669,79000.0,35820.0,0,9480.0,45300.0,0.0,33700.0,42.66,1,Да
664197340,10.0,0.0,0,1.2,1.2,0.0,8.8,88.0,1,Да
672612420,61000.0,34218.0,0,7320.0,41538.0,0.0,19462.0,31.9,1,Да
652215066,60000.0,29301.0,0,7200.0,36501.0,0.0,23499.0,39.16,1,Да
664580694,10.0,0.0,0,1.2,1.2,0.0,8.8,88.0,1,Да
652312858,55000.0,22467.0,0,6600.0,29067.0,0.0,25933.0,47.15,1,Да
WB4023382784,179.01,12101.0,0,0.0,12101.0,0.0,-11921.99,-6659.96,1,Да
652351466,54900.0,30213.0,0,8491.0,38704.0,0.0,16196.0,29.5,1,Да
666565349,10.0,0.0,0,1.2,1.2,0.0,8.8,88.0,1,Да
666014817,10.0,0.0,0,1.2,1.2,0.0,8.8,88.0,1,Да
652451052,45990.0,16150.0,0,7421.8,23571.8,0.0,22418.2,48.75,1,Да
WB4020248069,9794.0,30213.0,0,0.0,30213.0,0.0,-20419.0,-208.48,1,Да
666015841,10.0,0.0,0,1.2,1.2,0.0,8.8,88.0,1,Да
652662006,120000.0,50661.0,0,14400.0,65061.0,0.0,54939.0,45.78,1,Да
668023687,10.0,0.0,0,1.2,1.2,0.0,8.8,88.0,1,Да
671439741,10.0,0.0,0,1.2,1.2,0.0,8.8,88.0,1,Да
668024735,10.0,0.0,0,1.2,1.2,0.0,8.8,88.0,1,Да
666016609,10.0,0.0,0,1.2,1.2,0.0,8.8,88.0,1,Да
652597307,60000.0,29301.0,0,7200.0,36501.0,0.0,23499.0,39.16,1,Да
668024744,10.0,0.0,0,1.2,1.2,0.0,8.8,88.0,1,Да
660963975,10.0,0.0,0,1.2,1.2,0.0,8.8,88.0,1,Да
668026227,10.0,0.0,0,1.2,1.2,0.0,8.8,88.0,1,Да
666016626,10.0,0.0,0,1.2,1.2,0.0,8.8,88.0,1,Да
660964764,10.0,0.0,0,1.2,1.2,0.0,8.8,88.0,1,Да
670949868,140000.0,0.0,0,16800.0,16800.0,0.0,123200.0,88.0,1,Да
660965565,10.0,0.0,0,1.2,1.2,0.0,8.8,88.0,1,Да
668024795,10.0,0.0,0,1.2,1.2,0.0,8.8,88.0,1,Да
666796965,10.0,0.0,0,1.2,1.2,0.0,8.8,88.0,1,Да
666011974,10.0,0.0,0,1.2,1.2,0.0,8.8,88.0,1,Да
652552265,79000.0,35820.0,0,9480.0,45300.0,0.0,33700.0,42.66,1,Да
660971239,10.0,0.0,0,1.2,1.2,0.0,8.8,88.0,1,Да
668027296,10.0,0.0,0,1.2,1.2,0.0,8.8,88.0,1,Да
666797747,10.0,0.0,0,1.2,1.2,0.0,8.8,88.0,1,Да
660971187,10.0,0.0,0,1.2,1.2,0.0,8.8,88.0,1,Да
666011959,10.0,0.0,0,1.2,1.2,0.0,8.8,88.0,1,Да
668030001,10.0,0.0,0,1.2,1.2,0.0,8.8,88.0,1,Да
666798592,10.0,0.0,0,1.2,1.2,0.0,8.8,88.0,1,Да
666798670,10.0,0.0,0,1.2,1.2,0.0,8.8,88.0,1,Да
652914979,69000.0,35580.0,0,8280.0,43860.0,0.0,25140.0,36.43,1,Да
673700480,10.0,0.0,0,1.2,1.2,0.0,8.8,88.0,1,Да
666798695,10.0,0.0,0,1.2,1.2,0.0,8.8,88.0,1,Да
664619816,41500.0,16150.0,0,6883.0,23033.0,0.0,18467.0,44.5,1,Да
652991254,54900.0,28700.0,0,8491.0,37191.0,0.0,17709.0,32.26,1,Да
666801242,10.0,0.0,0,1.2,1.2,0.0,8.8,88.0,1,Да
666801258,10.0,0.0,0,1.2,1.2,0.0,8.8,88.0,1,Да
653276380,120000.0,50661.0,0,14400.0,65061.0,0.0,54939.0,45.78,1,Да
WB3954795045,3835.0,12101.0,0,0.0,12101.0,0.0,-8266.0,-215.54,1,Да
662908659,130000.0,68436.0,0,15600.0,84036.0,0.0,45964.0,35.36,1,Да
666802326,10.0,0.0,0,1.2,1.2,0.0,8.8,88.0,1,Да
WB3955020939,3835.0,12101.0,0,0.0,12101.0,0.0,-8266.0,-215.54,1,Да
666886277,41500.0,16150.0,0,4980.0,21130.0,0.0,20370.0,49.08,1,Да
WB3959158917,4258.0,12101.0,0,0.0,12101.0,0.0,-7843.0,-184.19,1,Да
WB3962894780,3583.0,20519.0,0,0.0,20519.0,0.0,-16936.0,-472.68,1,Да
666802342,10.0,0.0,0,1.2,1.2,0.0,8.8,88.0,1,Да
WB3963080467,4820.0,12101.0,0,0.0,12101.0,0.0,-7281.0,-151.06,1,Да
653214980,79000.0,48500.0,0,9480.0,57980.0,0.0,21020.0,26.61,1,Да
WB3965162102,4619.0,12101.0,0,0.0,12101.0,0.0,-7482.0,-161.98,1,Да
WB3972376231,5346.0,12101.0,0,0.0,12101.0,0.0,-6755.0,-126.36,1,Да
666803227,10.0,0.0,0,1.2,1.2,0.0,8.8,88.0,1,Да
WB3976593603,4484.0,12101.0,0,0.0,12101.0,0.0,-7617.0,-169.87,1,Да
WB3980615828,5360.0,12101.0,0,0.0,12101.0,0.0,-6741.0,-125.76,1,Да
WB3980631464,29930.0,12101.0,0,0.0,12101.0,0.0,17829.0,59.57,1,Да
653288322,120000.0,50661.0,0,18431.0,69092.0,0.0,50908.0,42.42,1,Да
WB3980872568,4958.0,12101.0,0,0.0,12101.0,0.0,-7143.0,-144.07,1,Да
666798818,10.0,0.0,0,1.2,1.2,0.0,8.8,88.0,1,Да
WB3983042446,4825.0,12101.0,0,0.0,12101.0,0.0,-7276.0,-150.8,1,Да
WB3983390957,129.0,0.0,0,0.0,0.0,0.0,129.0,100.0,1,Нет
663410178,10.0,0.0,0,1.2,1.2,0.0,8.8,88.0,1,Да
WB3983450575,1837.0,0.0,0,0.0,0.0,0.0,1837.0,100.0,1,Нет
666804099,10.0,0.0,0,1.2,1.2,0.0,8.8,88.0,1,Да
653124707,79000.0,48500.0,0,9480.0,57980.0,0.0,21020.0,26.61,1,Да
666804188,10.0,0.0,0,1.2,1.2,0.0,8.8,88.0,1,Да
663412148,10.0,0.0,0,1.2,1.2,0.0,8.8,88.0,1,Да
653195009,140000.0,0.0,0,16800.0,16800.0,0.0,123200.0,88.0,1,Да
664567604,10.0,0.0,0,1.2,1.2,0.0,8.8,88.0,1,Да
666804148,10.0,0.0,0,1.2,1.2,0.0,8.8,88.0,1,Да
664568498,10.0,0.0,0,1.2,1.2,0.0,8.8,88.0,1,Да
666804151,10.0,0.0,0,1.2,1.2,0.0,8.8,88.0,1,Да
653365419,65000.0,0.0,0,7800.0,7800.0,0.0,57200.0,88.0,1,Да
663413014,10.0,0.0,0,1.2,1.2,0.0,8.8,88.0,1,Да
666801456,10.0,0.0,0,1.2,1.2,0.0,8.8,88.0,1,Да
664569293,10.0,0.0,0,1.2,1.2,0.0,8.8,88.0,1,Да
